<?xml version="1.0"?>
<suiteResults>
  <FitNesseVersion>v20180127</FitNesseVersion>
  <rootPath>CavernAttributes</rootPath>
  <pageHistoryReference>
    <name>CavernAttributes.HasArrow</name>
    <date>2018-02-07T09:27:26+00:00</date>
    <pageHistoryLink>CavernAttributes.HasArrow?pageHistory&amp;resultDate=20180207092726</pageHistoryLink>
    <counts>
      <right>0</right>
      <wrong>0</wrong>
      <ignores>0</ignores>
      <exceptions>1</exceptions>
    </counts>
    <runTimeInMillis>9</runTimeInMillis>
  </pageHistoryReference>
  <pageHistoryReference>
    <name>CavernAttributes.HasBat</name>
    <date>2018-02-07T09:27:26+00:00</date>
    <pageHistoryLink>CavernAttributes.HasBat?pageHistory&amp;resultDate=20180207092726</pageHistoryLink>
    <counts>
      <right>0</right>
      <wrong>0</wrong>
      <ignores>0</ignores>
      <exceptions>1</exceptions>
    </counts>
    <runTimeInMillis>3</runTimeInMillis>
  </pageHistoryReference>
  <pageHistoryReference>
    <name>CavernAttributes.HasPit</name>
    <date>2018-02-07T09:27:26+00:00</date>
    <pageHistoryLink>CavernAttributes.HasPit?pageHistory&amp;resultDate=20180207092726</pageHistoryLink>
    <counts>
      <right>0</right>
      <wrong>0</wrong>
      <ignores>0</ignores>
      <exceptions>1</exceptions>
    </counts>
    <runTimeInMillis>3</runTimeInMillis>
  </pageHistoryReference>
  <pageHistoryReference>
    <name>CavernAttributes.HasWumpus</name>
    <date>2018-02-07T09:27:26+00:00</date>
    <pageHistoryLink>CavernAttributes.HasWumpus?pageHistory&amp;resultDate=20180207092726</pageHistoryLink>
    <counts>
      <right>0</right>
      <wrong>0</wrong>
      <ignores>0</ignores>
      <exceptions>1</exceptions>
    </counts>
    <runTimeInMillis>3</runTimeInMillis>
  </pageHistoryReference>
  <executionLog>
    <testSystem>fit:fit.FitServer</testSystem>
    <command>java -cp C:\Users\R\Desktop\fitnesse-standalone.jar fit.FitServer R-PC 53962 3863</command>
    <exitCode>4</exitCode>
    <stdOut></stdOut>
    <stdErr></stdErr>
  </executionLog>
  <finalCounts>
    <right>0</right>
    <wrong>0</wrong>
    <ignores>0</ignores>
    <exceptions>4</exceptions>
  </finalCounts>
  <totalRunTimeInMillis>1300</totalRunTimeInMillis>
</suiteResults>

