<?xml version="1.0"?>
<testResults>
  <FitNesseVersion>v20180127</FitNesseVersion>
  <rootPath>PlayerMovement.BoundaryCheck</rootPath>
    <result>
    <counts>
      <right>0</right>
      <wrong>0</wrong>
      <ignores>0</ignores>
      <exceptions>75</exceptions>
    </counts>
    <date>2018-02-08T13:31:32+00:00</date>
    <runTimeInMillis>180</runTimeInMillis>
    <content>&lt;br/&gt;&amp;lt;test page&amp;gt;&lt;br/&gt;&lt;br/&gt;&lt;span class="meta"&gt;variable defined: TEST_SYSTEM=slim&lt;/span&gt;
&lt;br/&gt;&lt;span class="meta"&gt;classpath: C:\Users\R\Documents\UncleBob\wumpus-hunter-master\wumpus-hunter-master\&lt;/span&gt;&lt;br/&gt;&lt;br/&gt;&lt;table&gt;
	&lt;tr class="slimRowTitle"&gt;
		&lt;td&gt;import &lt;span class="error"&gt;&lt;strong&gt; import: Bad table! Import tables must have at least two rows.&lt;/strong&gt;&lt;/span&gt;&lt;/td&gt;
	&lt;/tr&gt;
&lt;/table&gt;
&lt;table&gt;
	&lt;tr&gt;
		&lt;td&gt;fixtures &lt;span class="error"&gt;Could not invoke constructor for fixtures[0]&lt;/span&gt;&lt;/td&gt;
	&lt;/tr&gt;
&lt;/table&gt;
&lt;br/&gt;&lt;table&gt;
	&lt;tr&gt;
		&lt;td colspan="6"&gt;BoundaryCheck &lt;span class="error"&gt;Could not invoke constructor for BoundaryCheck[0]&lt;/span&gt;&lt;/td&gt;
	&lt;/tr&gt;
	&lt;tr&gt;
		&lt;td&gt;X&lt;/td&gt;
		&lt;td&gt;Y&lt;/td&gt;
		&lt;td&gt;Direction&lt;/td&gt;
		&lt;td&gt;Error Message Result?&lt;/td&gt;
		&lt;td&gt;PosX?&lt;/td&gt;
		&lt;td&gt;PosY?&lt;/td&gt;
	&lt;/tr&gt;
	&lt;tr&gt;
		&lt;td&gt;1 &lt;span class="error"&gt;The instance decisionTable_2.setX. does not exist&lt;/span&gt;&lt;/td&gt;
		&lt;td&gt;1 &lt;span class="error"&gt;The instance decisionTable_2.setY. does not exist&lt;/span&gt;&lt;/td&gt;
		&lt;td&gt;S &lt;span class="error"&gt;The instance decisionTable_2.setDirection. does not exist&lt;/span&gt;&lt;/td&gt;
		&lt;td&gt;"You cannot go South from here" &lt;span class="error"&gt;The instance decisionTable_2.ErrorMessageResult. does not exist&lt;/span&gt;&lt;/td&gt;
		&lt;td&gt;1 &lt;span class="error"&gt;The instance decisionTable_2.PosX. does not exist&lt;/span&gt;&lt;/td&gt;
		&lt;td&gt;1 &lt;span class="error"&gt;The instance decisionTable_2.PosY. does not exist&lt;/span&gt;&lt;/td&gt;
	&lt;/tr&gt;
	&lt;tr&gt;
		&lt;td&gt;1 &lt;span class="error"&gt;The instance decisionTable_2.setX. does not exist&lt;/span&gt;&lt;/td&gt;
		&lt;td&gt;1 &lt;span class="error"&gt;The instance decisionTable_2.setY. does not exist&lt;/span&gt;&lt;/td&gt;
		&lt;td&gt;W &lt;span class="error"&gt;The instance decisionTable_2.setDirection. does not exist&lt;/span&gt;&lt;/td&gt;
		&lt;td&gt;"You cannot go West from here" &lt;span class="error"&gt;The instance decisionTable_2.ErrorMessageResult. does not exist&lt;/span&gt;&lt;/td&gt;
		&lt;td&gt;1 &lt;span class="error"&gt;The instance decisionTable_2.PosX. does not exist&lt;/span&gt;&lt;/td&gt;
		&lt;td&gt;1 &lt;span class="error"&gt;The instance decisionTable_2.PosY. does not exist&lt;/span&gt;&lt;/td&gt;
	&lt;/tr&gt;
	&lt;tr&gt;
		&lt;td&gt;1 &lt;span class="error"&gt;The instance decisionTable_2.setX. does not exist&lt;/span&gt;&lt;/td&gt;
		&lt;td&gt;2 &lt;span class="error"&gt;The instance decisionTable_2.setY. does not exist&lt;/span&gt;&lt;/td&gt;
		&lt;td&gt;W &lt;span class="error"&gt;The instance decisionTable_2.setDirection. does not exist&lt;/span&gt;&lt;/td&gt;
		&lt;td&gt;"You cannot go West from here" &lt;span class="error"&gt;The instance decisionTable_2.ErrorMessageResult. does not exist&lt;/span&gt;&lt;/td&gt;
		&lt;td&gt;1 &lt;span class="error"&gt;The instance decisionTable_2.PosX. does not exist&lt;/span&gt;&lt;/td&gt;
		&lt;td&gt;2 &lt;span class="error"&gt;The instance decisionTable_2.PosY. does not exist&lt;/span&gt;&lt;/td&gt;
	&lt;/tr&gt;
	&lt;tr&gt;
		&lt;td&gt;1 &lt;span class="error"&gt;The instance decisionTable_2.setX. does not exist&lt;/span&gt;&lt;/td&gt;
		&lt;td&gt;3 &lt;span class="error"&gt;The instance decisionTable_2.setY. does not exist&lt;/span&gt;&lt;/td&gt;
		&lt;td&gt;W &lt;span class="error"&gt;The instance decisionTable_2.setDirection. does not exist&lt;/span&gt;&lt;/td&gt;
		&lt;td&gt;"You cannot go West from here" &lt;span class="error"&gt;The instance decisionTable_2.ErrorMessageResult. does not exist&lt;/span&gt;&lt;/td&gt;
		&lt;td&gt;1 &lt;span class="error"&gt;The instance decisionTable_2.PosX. does not exist&lt;/span&gt;&lt;/td&gt;
		&lt;td&gt;3 &lt;span class="error"&gt;The instance decisionTable_2.PosY. does not exist&lt;/span&gt;&lt;/td&gt;
	&lt;/tr&gt;
	&lt;tr&gt;
		&lt;td&gt;1 &lt;span class="error"&gt;The instance decisionTable_2.setX. does not exist&lt;/span&gt;&lt;/td&gt;
		&lt;td&gt;3 &lt;span class="error"&gt;The instance decisionTable_2.setY. does not exist&lt;/span&gt;&lt;/td&gt;
		&lt;td&gt;N &lt;span class="error"&gt;The instance decisionTable_2.setDirection. does not exist&lt;/span&gt;&lt;/td&gt;
		&lt;td&gt;"You cannot go North from here" &lt;span class="error"&gt;The instance decisionTable_2.ErrorMessageResult. does not exist&lt;/span&gt;&lt;/td&gt;
		&lt;td&gt;1 &lt;span class="error"&gt;The instance decisionTable_2.PosX. does not exist&lt;/span&gt;&lt;/td&gt;
		&lt;td&gt;3 &lt;span class="error"&gt;The instance decisionTable_2.PosY. does not exist&lt;/span&gt;&lt;/td&gt;
	&lt;/tr&gt;
	&lt;tr&gt;
		&lt;td&gt;2 &lt;span class="error"&gt;The instance decisionTable_2.setX. does not exist&lt;/span&gt;&lt;/td&gt;
		&lt;td&gt;3 &lt;span class="error"&gt;The instance decisionTable_2.setY. does not exist&lt;/span&gt;&lt;/td&gt;
		&lt;td&gt;N &lt;span class="error"&gt;The instance decisionTable_2.setDirection. does not exist&lt;/span&gt;&lt;/td&gt;
		&lt;td&gt;"You cannot go North from here" &lt;span class="error"&gt;The instance decisionTable_2.ErrorMessageResult. does not exist&lt;/span&gt;&lt;/td&gt;
		&lt;td&gt;2 &lt;span class="error"&gt;The instance decisionTable_2.PosX. does not exist&lt;/span&gt;&lt;/td&gt;
		&lt;td&gt;3 &lt;span class="error"&gt;The instance decisionTable_2.PosY. does not exist&lt;/span&gt;&lt;/td&gt;
	&lt;/tr&gt;
	&lt;tr&gt;
		&lt;td&gt;3 &lt;span class="error"&gt;The instance decisionTable_2.setX. does not exist&lt;/span&gt;&lt;/td&gt;
		&lt;td&gt;3 &lt;span class="error"&gt;The instance decisionTable_2.setY. does not exist&lt;/span&gt;&lt;/td&gt;
		&lt;td&gt;N &lt;span class="error"&gt;The instance decisionTable_2.setDirection. does not exist&lt;/span&gt;&lt;/td&gt;
		&lt;td&gt;"You cannot go North from here" &lt;span class="error"&gt;The instance decisionTable_2.ErrorMessageResult. does not exist&lt;/span&gt;&lt;/td&gt;
		&lt;td&gt;3 &lt;span class="error"&gt;The instance decisionTable_2.PosX. does not exist&lt;/span&gt;&lt;/td&gt;
		&lt;td&gt;3 &lt;span class="error"&gt;The instance decisionTable_2.PosY. does not exist&lt;/span&gt;&lt;/td&gt;
	&lt;/tr&gt;
	&lt;tr&gt;
		&lt;td&gt;3 &lt;span class="error"&gt;The instance decisionTable_2.setX. does not exist&lt;/span&gt;&lt;/td&gt;
		&lt;td&gt;3 &lt;span class="error"&gt;The instance decisionTable_2.setY. does not exist&lt;/span&gt;&lt;/td&gt;
		&lt;td&gt;E &lt;span class="error"&gt;The instance decisionTable_2.setDirection. does not exist&lt;/span&gt;&lt;/td&gt;
		&lt;td&gt;"You cannot go East from here" &lt;span class="error"&gt;The instance decisionTable_2.ErrorMessageResult. does not exist&lt;/span&gt;&lt;/td&gt;
		&lt;td&gt;3 &lt;span class="error"&gt;The instance decisionTable_2.PosX. does not exist&lt;/span&gt;&lt;/td&gt;
		&lt;td&gt;3 &lt;span class="error"&gt;The instance decisionTable_2.PosY. does not exist&lt;/span&gt;&lt;/td&gt;
	&lt;/tr&gt;
	&lt;tr&gt;
		&lt;td&gt;3 &lt;span class="error"&gt;The instance decisionTable_2.setX. does not exist&lt;/span&gt;&lt;/td&gt;
		&lt;td&gt;2 &lt;span class="error"&gt;The instance decisionTable_2.setY. does not exist&lt;/span&gt;&lt;/td&gt;
		&lt;td&gt;E &lt;span class="error"&gt;The instance decisionTable_2.setDirection. does not exist&lt;/span&gt;&lt;/td&gt;
		&lt;td&gt;"You cannot go East from here" &lt;span class="error"&gt;The instance decisionTable_2.ErrorMessageResult. does not exist&lt;/span&gt;&lt;/td&gt;
		&lt;td&gt;3 &lt;span class="error"&gt;The instance decisionTable_2.PosX. does not exist&lt;/span&gt;&lt;/td&gt;
		&lt;td&gt;2 &lt;span class="error"&gt;The instance decisionTable_2.PosY. does not exist&lt;/span&gt;&lt;/td&gt;
	&lt;/tr&gt;
	&lt;tr&gt;
		&lt;td&gt;3 &lt;span class="error"&gt;The instance decisionTable_2.setX. does not exist&lt;/span&gt;&lt;/td&gt;
		&lt;td&gt;1 &lt;span class="error"&gt;The instance decisionTable_2.setY. does not exist&lt;/span&gt;&lt;/td&gt;
		&lt;td&gt;E &lt;span class="error"&gt;The instance decisionTable_2.setDirection. does not exist&lt;/span&gt;&lt;/td&gt;
		&lt;td&gt;"You cannot go East from here" &lt;span class="error"&gt;The instance decisionTable_2.ErrorMessageResult. does not exist&lt;/span&gt;&lt;/td&gt;
		&lt;td&gt;3 &lt;span class="error"&gt;The instance decisionTable_2.PosX. does not exist&lt;/span&gt;&lt;/td&gt;
		&lt;td&gt;1 &lt;span class="error"&gt;The instance decisionTable_2.PosY. does not exist&lt;/span&gt;&lt;/td&gt;
	&lt;/tr&gt;
	&lt;tr&gt;
		&lt;td&gt;3 &lt;span class="error"&gt;The instance decisionTable_2.setX. does not exist&lt;/span&gt;&lt;/td&gt;
		&lt;td&gt;1 &lt;span class="error"&gt;The instance decisionTable_2.setY. does not exist&lt;/span&gt;&lt;/td&gt;
		&lt;td&gt;S &lt;span class="error"&gt;The instance decisionTable_2.setDirection. does not exist&lt;/span&gt;&lt;/td&gt;
		&lt;td&gt;"You cannot go South from here" &lt;span class="error"&gt;The instance decisionTable_2.ErrorMessageResult. does not exist&lt;/span&gt;&lt;/td&gt;
		&lt;td&gt;3 &lt;span class="error"&gt;The instance decisionTable_2.PosX. does not exist&lt;/span&gt;&lt;/td&gt;
		&lt;td&gt;1 &lt;span class="error"&gt;The instance decisionTable_2.PosY. does not exist&lt;/span&gt;&lt;/td&gt;
	&lt;/tr&gt;
	&lt;tr&gt;
		&lt;td&gt;2 &lt;span class="error"&gt;The instance decisionTable_2.setX. does not exist&lt;/span&gt;&lt;/td&gt;
		&lt;td&gt;1 &lt;span class="error"&gt;The instance decisionTable_2.setY. does not exist&lt;/span&gt;&lt;/td&gt;
		&lt;td&gt;S &lt;span class="error"&gt;The instance decisionTable_2.setDirection. does not exist&lt;/span&gt;&lt;/td&gt;
		&lt;td&gt;"You cannot go South from here" &lt;span class="error"&gt;The instance decisionTable_2.ErrorMessageResult. does not exist&lt;/span&gt;&lt;/td&gt;
		&lt;td&gt;2 &lt;span class="error"&gt;The instance decisionTable_2.PosX. does not exist&lt;/span&gt;&lt;/td&gt;
		&lt;td&gt;1 &lt;span class="error"&gt;The instance decisionTable_2.PosY. does not exist&lt;/span&gt;&lt;/td&gt;
	&lt;/tr&gt;
&lt;/table&gt;
&lt;br/&gt;&lt;br/&gt;</content>
    <relativePageName>BoundaryCheck</relativePageName>
            <instructions>
            <instructionResult>
        <instruction>{id='decisionTable_1_0', instruction='make', instanceName='decisionTable_1', className='fixtures', args=[]}</instruction>
        <slimResult></slimResult>
                <expectation>
                    <status>error</status>
                    <instructionId>decisionTable_1_0</instructionId>
                              <type>ConstructionExpectation</type>
                                        <evaluationMessage>Could not invoke constructor for fixtures[0]</evaluationMessage>
                  </expectation>
              </instructionResult>
            <instructionResult>
        <instruction>{id='decisionTable_2_0', instruction='make', instanceName='decisionTable_2', className='BoundaryCheck', args=[]}</instruction>
        <slimResult></slimResult>
                <expectation>
                    <status>error</status>
                    <instructionId>decisionTable_2_0</instructionId>
                              <type>ConstructionExpectation</type>
                                        <evaluationMessage>Could not invoke constructor for BoundaryCheck[0]</evaluationMessage>
                  </expectation>
              </instructionResult>
            <instructionResult>
        <instruction>{id='decisionTable_2_4', instruction='call', instanceName='decisionTable_2', methodName='setX', args=[1]}</instruction>
        <slimResult></slimResult>
                <expectation>
                    <status>error</status>
                    <instructionId>decisionTable_2_4</instructionId>
                              <type>VoidReturnExpectation</type>
                                        <evaluationMessage>The instance decisionTable_2.setX. does not exist</evaluationMessage>
                  </expectation>
              </instructionResult>
            <instructionResult>
        <instruction>{id='decisionTable_2_5', instruction='call', instanceName='decisionTable_2', methodName='setY', args=[1]}</instruction>
        <slimResult></slimResult>
                <expectation>
                    <status>error</status>
                    <instructionId>decisionTable_2_5</instructionId>
                              <type>VoidReturnExpectation</type>
                                        <evaluationMessage>The instance decisionTable_2.setY. does not exist</evaluationMessage>
                  </expectation>
              </instructionResult>
            <instructionResult>
        <instruction>{id='decisionTable_2_6', instruction='call', instanceName='decisionTable_2', methodName='setDirection', args=[S]}</instruction>
        <slimResult></slimResult>
                <expectation>
                    <status>error</status>
                    <instructionId>decisionTable_2_6</instructionId>
                              <type>VoidReturnExpectation</type>
                                        <evaluationMessage>The instance decisionTable_2.setDirection. does not exist</evaluationMessage>
                  </expectation>
              </instructionResult>
            <instructionResult>
        <instruction>{id='decisionTable_2_8', instruction='call', instanceName='decisionTable_2', methodName='ErrorMessageResult', args=[]}</instruction>
        <slimResult></slimResult>
                <expectation>
                    <status>error</status>
                    <instructionId>decisionTable_2_8</instructionId>
                              <type>ReturnedValueExpectation</type>
                                        <evaluationMessage>The instance decisionTable_2.ErrorMessageResult. does not exist</evaluationMessage>
                  </expectation>
              </instructionResult>
            <instructionResult>
        <instruction>{id='decisionTable_2_9', instruction='call', instanceName='decisionTable_2', methodName='PosX', args=[]}</instruction>
        <slimResult></slimResult>
                <expectation>
                    <status>error</status>
                    <instructionId>decisionTable_2_9</instructionId>
                              <type>ReturnedValueExpectation</type>
                                        <evaluationMessage>The instance decisionTable_2.PosX. does not exist</evaluationMessage>
                  </expectation>
              </instructionResult>
            <instructionResult>
        <instruction>{id='decisionTable_2_10', instruction='call', instanceName='decisionTable_2', methodName='PosY', args=[]}</instruction>
        <slimResult></slimResult>
                <expectation>
                    <status>error</status>
                    <instructionId>decisionTable_2_10</instructionId>
                              <type>ReturnedValueExpectation</type>
                                        <evaluationMessage>The instance decisionTable_2.PosY. does not exist</evaluationMessage>
                  </expectation>
              </instructionResult>
            <instructionResult>
        <instruction>{id='decisionTable_2_12', instruction='call', instanceName='decisionTable_2', methodName='setX', args=[1]}</instruction>
        <slimResult></slimResult>
                <expectation>
                    <status>error</status>
                    <instructionId>decisionTable_2_12</instructionId>
                              <type>VoidReturnExpectation</type>
                                        <evaluationMessage>The instance decisionTable_2.setX. does not exist</evaluationMessage>
                  </expectation>
              </instructionResult>
            <instructionResult>
        <instruction>{id='decisionTable_2_13', instruction='call', instanceName='decisionTable_2', methodName='setY', args=[1]}</instruction>
        <slimResult></slimResult>
                <expectation>
                    <status>error</status>
                    <instructionId>decisionTable_2_13</instructionId>
                              <type>VoidReturnExpectation</type>
                                        <evaluationMessage>The instance decisionTable_2.setY. does not exist</evaluationMessage>
                  </expectation>
              </instructionResult>
            <instructionResult>
        <instruction>{id='decisionTable_2_14', instruction='call', instanceName='decisionTable_2', methodName='setDirection', args=[W]}</instruction>
        <slimResult></slimResult>
                <expectation>
                    <status>error</status>
                    <instructionId>decisionTable_2_14</instructionId>
                              <type>VoidReturnExpectation</type>
                                        <evaluationMessage>The instance decisionTable_2.setDirection. does not exist</evaluationMessage>
                  </expectation>
              </instructionResult>
            <instructionResult>
        <instruction>{id='decisionTable_2_16', instruction='call', instanceName='decisionTable_2', methodName='ErrorMessageResult', args=[]}</instruction>
        <slimResult></slimResult>
                <expectation>
                    <status>error</status>
                    <instructionId>decisionTable_2_16</instructionId>
                              <type>ReturnedValueExpectation</type>
                                        <evaluationMessage>The instance decisionTable_2.ErrorMessageResult. does not exist</evaluationMessage>
                  </expectation>
              </instructionResult>
            <instructionResult>
        <instruction>{id='decisionTable_2_17', instruction='call', instanceName='decisionTable_2', methodName='PosX', args=[]}</instruction>
        <slimResult></slimResult>
                <expectation>
                    <status>error</status>
                    <instructionId>decisionTable_2_17</instructionId>
                              <type>ReturnedValueExpectation</type>
                                        <evaluationMessage>The instance decisionTable_2.PosX. does not exist</evaluationMessage>
                  </expectation>
              </instructionResult>
            <instructionResult>
        <instruction>{id='decisionTable_2_18', instruction='call', instanceName='decisionTable_2', methodName='PosY', args=[]}</instruction>
        <slimResult></slimResult>
                <expectation>
                    <status>error</status>
                    <instructionId>decisionTable_2_18</instructionId>
                              <type>ReturnedValueExpectation</type>
                                        <evaluationMessage>The instance decisionTable_2.PosY. does not exist</evaluationMessage>
                  </expectation>
              </instructionResult>
            <instructionResult>
        <instruction>{id='decisionTable_2_20', instruction='call', instanceName='decisionTable_2', methodName='setX', args=[1]}</instruction>
        <slimResult></slimResult>
                <expectation>
                    <status>error</status>
                    <instructionId>decisionTable_2_20</instructionId>
                              <type>VoidReturnExpectation</type>
                                        <evaluationMessage>The instance decisionTable_2.setX. does not exist</evaluationMessage>
                  </expectation>
              </instructionResult>
            <instructionResult>
        <instruction>{id='decisionTable_2_21', instruction='call', instanceName='decisionTable_2', methodName='setY', args=[2]}</instruction>
        <slimResult></slimResult>
                <expectation>
                    <status>error</status>
                    <instructionId>decisionTable_2_21</instructionId>
                              <type>VoidReturnExpectation</type>
                                        <evaluationMessage>The instance decisionTable_2.setY. does not exist</evaluationMessage>
                  </expectation>
              </instructionResult>
            <instructionResult>
        <instruction>{id='decisionTable_2_22', instruction='call', instanceName='decisionTable_2', methodName='setDirection', args=[W]}</instruction>
        <slimResult></slimResult>
                <expectation>
                    <status>error</status>
                    <instructionId>decisionTable_2_22</instructionId>
                              <type>VoidReturnExpectation</type>
                                        <evaluationMessage>The instance decisionTable_2.setDirection. does not exist</evaluationMessage>
                  </expectation>
              </instructionResult>
            <instructionResult>
        <instruction>{id='decisionTable_2_24', instruction='call', instanceName='decisionTable_2', methodName='ErrorMessageResult', args=[]}</instruction>
        <slimResult></slimResult>
                <expectation>
                    <status>error</status>
                    <instructionId>decisionTable_2_24</instructionId>
                              <type>ReturnedValueExpectation</type>
                                        <evaluationMessage>The instance decisionTable_2.ErrorMessageResult. does not exist</evaluationMessage>
                  </expectation>
              </instructionResult>
            <instructionResult>
        <instruction>{id='decisionTable_2_25', instruction='call', instanceName='decisionTable_2', methodName='PosX', args=[]}</instruction>
        <slimResult></slimResult>
                <expectation>
                    <status>error</status>
                    <instructionId>decisionTable_2_25</instructionId>
                              <type>ReturnedValueExpectation</type>
                                        <evaluationMessage>The instance decisionTable_2.PosX. does not exist</evaluationMessage>
                  </expectation>
              </instructionResult>
            <instructionResult>
        <instruction>{id='decisionTable_2_26', instruction='call', instanceName='decisionTable_2', methodName='PosY', args=[]}</instruction>
        <slimResult></slimResult>
                <expectation>
                    <status>error</status>
                    <instructionId>decisionTable_2_26</instructionId>
                              <type>ReturnedValueExpectation</type>
                                        <evaluationMessage>The instance decisionTable_2.PosY. does not exist</evaluationMessage>
                  </expectation>
              </instructionResult>
            <instructionResult>
        <instruction>{id='decisionTable_2_28', instruction='call', instanceName='decisionTable_2', methodName='setX', args=[1]}</instruction>
        <slimResult></slimResult>
                <expectation>
                    <status>error</status>
                    <instructionId>decisionTable_2_28</instructionId>
                              <type>VoidReturnExpectation</type>
                                        <evaluationMessage>The instance decisionTable_2.setX. does not exist</evaluationMessage>
                  </expectation>
              </instructionResult>
            <instructionResult>
        <instruction>{id='decisionTable_2_29', instruction='call', instanceName='decisionTable_2', methodName='setY', args=[3]}</instruction>
        <slimResult></slimResult>
                <expectation>
                    <status>error</status>
                    <instructionId>decisionTable_2_29</instructionId>
                              <type>VoidReturnExpectation</type>
                                        <evaluationMessage>The instance decisionTable_2.setY. does not exist</evaluationMessage>
                  </expectation>
              </instructionResult>
            <instructionResult>
        <instruction>{id='decisionTable_2_30', instruction='call', instanceName='decisionTable_2', methodName='setDirection', args=[W]}</instruction>
        <slimResult></slimResult>
                <expectation>
                    <status>error</status>
                    <instructionId>decisionTable_2_30</instructionId>
                              <type>VoidReturnExpectation</type>
                                        <evaluationMessage>The instance decisionTable_2.setDirection. does not exist</evaluationMessage>
                  </expectation>
              </instructionResult>
            <instructionResult>
        <instruction>{id='decisionTable_2_32', instruction='call', instanceName='decisionTable_2', methodName='ErrorMessageResult', args=[]}</instruction>
        <slimResult></slimResult>
                <expectation>
                    <status>error</status>
                    <instructionId>decisionTable_2_32</instructionId>
                              <type>ReturnedValueExpectation</type>
                                        <evaluationMessage>The instance decisionTable_2.ErrorMessageResult. does not exist</evaluationMessage>
                  </expectation>
              </instructionResult>
            <instructionResult>
        <instruction>{id='decisionTable_2_33', instruction='call', instanceName='decisionTable_2', methodName='PosX', args=[]}</instruction>
        <slimResult></slimResult>
                <expectation>
                    <status>error</status>
                    <instructionId>decisionTable_2_33</instructionId>
                              <type>ReturnedValueExpectation</type>
                                        <evaluationMessage>The instance decisionTable_2.PosX. does not exist</evaluationMessage>
                  </expectation>
              </instructionResult>
            <instructionResult>
        <instruction>{id='decisionTable_2_34', instruction='call', instanceName='decisionTable_2', methodName='PosY', args=[]}</instruction>
        <slimResult></slimResult>
                <expectation>
                    <status>error</status>
                    <instructionId>decisionTable_2_34</instructionId>
                              <type>ReturnedValueExpectation</type>
                                        <evaluationMessage>The instance decisionTable_2.PosY. does not exist</evaluationMessage>
                  </expectation>
              </instructionResult>
            <instructionResult>
        <instruction>{id='decisionTable_2_36', instruction='call', instanceName='decisionTable_2', methodName='setX', args=[1]}</instruction>
        <slimResult></slimResult>
                <expectation>
                    <status>error</status>
                    <instructionId>decisionTable_2_36</instructionId>
                              <type>VoidReturnExpectation</type>
                                        <evaluationMessage>The instance decisionTable_2.setX. does not exist</evaluationMessage>
                  </expectation>
              </instructionResult>
            <instructionResult>
        <instruction>{id='decisionTable_2_37', instruction='call', instanceName='decisionTable_2', methodName='setY', args=[3]}</instruction>
        <slimResult></slimResult>
                <expectation>
                    <status>error</status>
                    <instructionId>decisionTable_2_37</instructionId>
                              <type>VoidReturnExpectation</type>
                                        <evaluationMessage>The instance decisionTable_2.setY. does not exist</evaluationMessage>
                  </expectation>
              </instructionResult>
            <instructionResult>
        <instruction>{id='decisionTable_2_38', instruction='call', instanceName='decisionTable_2', methodName='setDirection', args=[N]}</instruction>
        <slimResult></slimResult>
                <expectation>
                    <status>error</status>
                    <instructionId>decisionTable_2_38</instructionId>
                              <type>VoidReturnExpectation</type>
                                        <evaluationMessage>The instance decisionTable_2.setDirection. does not exist</evaluationMessage>
                  </expectation>
              </instructionResult>
            <instructionResult>
        <instruction>{id='decisionTable_2_40', instruction='call', instanceName='decisionTable_2', methodName='ErrorMessageResult', args=[]}</instruction>
        <slimResult></slimResult>
                <expectation>
                    <status>error</status>
                    <instructionId>decisionTable_2_40</instructionId>
                              <type>ReturnedValueExpectation</type>
                                        <evaluationMessage>The instance decisionTable_2.ErrorMessageResult. does not exist</evaluationMessage>
                  </expectation>
              </instructionResult>
            <instructionResult>
        <instruction>{id='decisionTable_2_41', instruction='call', instanceName='decisionTable_2', methodName='PosX', args=[]}</instruction>
        <slimResult></slimResult>
                <expectation>
                    <status>error</status>
                    <instructionId>decisionTable_2_41</instructionId>
                              <type>ReturnedValueExpectation</type>
                                        <evaluationMessage>The instance decisionTable_2.PosX. does not exist</evaluationMessage>
                  </expectation>
              </instructionResult>
            <instructionResult>
        <instruction>{id='decisionTable_2_42', instruction='call', instanceName='decisionTable_2', methodName='PosY', args=[]}</instruction>
        <slimResult></slimResult>
                <expectation>
                    <status>error</status>
                    <instructionId>decisionTable_2_42</instructionId>
                              <type>ReturnedValueExpectation</type>
                                        <evaluationMessage>The instance decisionTable_2.PosY. does not exist</evaluationMessage>
                  </expectation>
              </instructionResult>
            <instructionResult>
        <instruction>{id='decisionTable_2_44', instruction='call', instanceName='decisionTable_2', methodName='setX', args=[2]}</instruction>
        <slimResult></slimResult>
                <expectation>
                    <status>error</status>
                    <instructionId>decisionTable_2_44</instructionId>
                              <type>VoidReturnExpectation</type>
                                        <evaluationMessage>The instance decisionTable_2.setX. does not exist</evaluationMessage>
                  </expectation>
              </instructionResult>
            <instructionResult>
        <instruction>{id='decisionTable_2_45', instruction='call', instanceName='decisionTable_2', methodName='setY', args=[3]}</instruction>
        <slimResult></slimResult>
                <expectation>
                    <status>error</status>
                    <instructionId>decisionTable_2_45</instructionId>
                              <type>VoidReturnExpectation</type>
                                        <evaluationMessage>The instance decisionTable_2.setY. does not exist</evaluationMessage>
                  </expectation>
              </instructionResult>
            <instructionResult>
        <instruction>{id='decisionTable_2_46', instruction='call', instanceName='decisionTable_2', methodName='setDirection', args=[N]}</instruction>
        <slimResult></slimResult>
                <expectation>
                    <status>error</status>
                    <instructionId>decisionTable_2_46</instructionId>
                              <type>VoidReturnExpectation</type>
                                        <evaluationMessage>The instance decisionTable_2.setDirection. does not exist</evaluationMessage>
                  </expectation>
              </instructionResult>
            <instructionResult>
        <instruction>{id='decisionTable_2_48', instruction='call', instanceName='decisionTable_2', methodName='ErrorMessageResult', args=[]}</instruction>
        <slimResult></slimResult>
                <expectation>
                    <status>error</status>
                    <instructionId>decisionTable_2_48</instructionId>
                              <type>ReturnedValueExpectation</type>
                                        <evaluationMessage>The instance decisionTable_2.ErrorMessageResult. does not exist</evaluationMessage>
                  </expectation>
              </instructionResult>
            <instructionResult>
        <instruction>{id='decisionTable_2_49', instruction='call', instanceName='decisionTable_2', methodName='PosX', args=[]}</instruction>
        <slimResult></slimResult>
                <expectation>
                    <status>error</status>
                    <instructionId>decisionTable_2_49</instructionId>
                              <type>ReturnedValueExpectation</type>
                                        <evaluationMessage>The instance decisionTable_2.PosX. does not exist</evaluationMessage>
                  </expectation>
              </instructionResult>
            <instructionResult>
        <instruction>{id='decisionTable_2_50', instruction='call', instanceName='decisionTable_2', methodName='PosY', args=[]}</instruction>
        <slimResult></slimResult>
                <expectation>
                    <status>error</status>
                    <instructionId>decisionTable_2_50</instructionId>
                              <type>ReturnedValueExpectation</type>
                                        <evaluationMessage>The instance decisionTable_2.PosY. does not exist</evaluationMessage>
                  </expectation>
              </instructionResult>
            <instructionResult>
        <instruction>{id='decisionTable_2_52', instruction='call', instanceName='decisionTable_2', methodName='setX', args=[3]}</instruction>
        <slimResult></slimResult>
                <expectation>
                    <status>error</status>
                    <instructionId>decisionTable_2_52</instructionId>
                              <type>VoidReturnExpectation</type>
                                        <evaluationMessage>The instance decisionTable_2.setX. does not exist</evaluationMessage>
                  </expectation>
              </instructionResult>
            <instructionResult>
        <instruction>{id='decisionTable_2_53', instruction='call', instanceName='decisionTable_2', methodName='setY', args=[3]}</instruction>
        <slimResult></slimResult>
                <expectation>
                    <status>error</status>
                    <instructionId>decisionTable_2_53</instructionId>
                              <type>VoidReturnExpectation</type>
                                        <evaluationMessage>The instance decisionTable_2.setY. does not exist</evaluationMessage>
                  </expectation>
              </instructionResult>
            <instructionResult>
        <instruction>{id='decisionTable_2_54', instruction='call', instanceName='decisionTable_2', methodName='setDirection', args=[N]}</instruction>
        <slimResult></slimResult>
                <expectation>
                    <status>error</status>
                    <instructionId>decisionTable_2_54</instructionId>
                              <type>VoidReturnExpectation</type>
                                        <evaluationMessage>The instance decisionTable_2.setDirection. does not exist</evaluationMessage>
                  </expectation>
              </instructionResult>
            <instructionResult>
        <instruction>{id='decisionTable_2_56', instruction='call', instanceName='decisionTable_2', methodName='ErrorMessageResult', args=[]}</instruction>
        <slimResult></slimResult>
                <expectation>
                    <status>error</status>
                    <instructionId>decisionTable_2_56</instructionId>
                              <type>ReturnedValueExpectation</type>
                                        <evaluationMessage>The instance decisionTable_2.ErrorMessageResult. does not exist</evaluationMessage>
                  </expectation>
              </instructionResult>
            <instructionResult>
        <instruction>{id='decisionTable_2_57', instruction='call', instanceName='decisionTable_2', methodName='PosX', args=[]}</instruction>
        <slimResult></slimResult>
                <expectation>
                    <status>error</status>
                    <instructionId>decisionTable_2_57</instructionId>
                              <type>ReturnedValueExpectation</type>
                                        <evaluationMessage>The instance decisionTable_2.PosX. does not exist</evaluationMessage>
                  </expectation>
              </instructionResult>
            <instructionResult>
        <instruction>{id='decisionTable_2_58', instruction='call', instanceName='decisionTable_2', methodName='PosY', args=[]}</instruction>
        <slimResult></slimResult>
                <expectation>
                    <status>error</status>
                    <instructionId>decisionTable_2_58</instructionId>
                              <type>ReturnedValueExpectation</type>
                                        <evaluationMessage>The instance decisionTable_2.PosY. does not exist</evaluationMessage>
                  </expectation>
              </instructionResult>
            <instructionResult>
        <instruction>{id='decisionTable_2_60', instruction='call', instanceName='decisionTable_2', methodName='setX', args=[3]}</instruction>
        <slimResult></slimResult>
                <expectation>
                    <status>error</status>
                    <instructionId>decisionTable_2_60</instructionId>
                              <type>VoidReturnExpectation</type>
                                        <evaluationMessage>The instance decisionTable_2.setX. does not exist</evaluationMessage>
                  </expectation>
              </instructionResult>
            <instructionResult>
        <instruction>{id='decisionTable_2_61', instruction='call', instanceName='decisionTable_2', methodName='setY', args=[3]}</instruction>
        <slimResult></slimResult>
                <expectation>
                    <status>error</status>
                    <instructionId>decisionTable_2_61</instructionId>
                              <type>VoidReturnExpectation</type>
                                        <evaluationMessage>The instance decisionTable_2.setY. does not exist</evaluationMessage>
                  </expectation>
              </instructionResult>
            <instructionResult>
        <instruction>{id='decisionTable_2_62', instruction='call', instanceName='decisionTable_2', methodName='setDirection', args=[E]}</instruction>
        <slimResult></slimResult>
                <expectation>
                    <status>error</status>
                    <instructionId>decisionTable_2_62</instructionId>
                              <type>VoidReturnExpectation</type>
                                        <evaluationMessage>The instance decisionTable_2.setDirection. does not exist</evaluationMessage>
                  </expectation>
              </instructionResult>
            <instructionResult>
        <instruction>{id='decisionTable_2_64', instruction='call', instanceName='decisionTable_2', methodName='ErrorMessageResult', args=[]}</instruction>
        <slimResult></slimResult>
                <expectation>
                    <status>error</status>
                    <instructionId>decisionTable_2_64</instructionId>
                              <type>ReturnedValueExpectation</type>
                                        <evaluationMessage>The instance decisionTable_2.ErrorMessageResult. does not exist</evaluationMessage>
                  </expectation>
              </instructionResult>
            <instructionResult>
        <instruction>{id='decisionTable_2_65', instruction='call', instanceName='decisionTable_2', methodName='PosX', args=[]}</instruction>
        <slimResult></slimResult>
                <expectation>
                    <status>error</status>
                    <instructionId>decisionTable_2_65</instructionId>
                              <type>ReturnedValueExpectation</type>
                                        <evaluationMessage>The instance decisionTable_2.PosX. does not exist</evaluationMessage>
                  </expectation>
              </instructionResult>
            <instructionResult>
        <instruction>{id='decisionTable_2_66', instruction='call', instanceName='decisionTable_2', methodName='PosY', args=[]}</instruction>
        <slimResult></slimResult>
                <expectation>
                    <status>error</status>
                    <instructionId>decisionTable_2_66</instructionId>
                              <type>ReturnedValueExpectation</type>
                                        <evaluationMessage>The instance decisionTable_2.PosY. does not exist</evaluationMessage>
                  </expectation>
              </instructionResult>
            <instructionResult>
        <instruction>{id='decisionTable_2_68', instruction='call', instanceName='decisionTable_2', methodName='setX', args=[3]}</instruction>
        <slimResult></slimResult>
                <expectation>
                    <status>error</status>
                    <instructionId>decisionTable_2_68</instructionId>
                              <type>VoidReturnExpectation</type>
                                        <evaluationMessage>The instance decisionTable_2.setX. does not exist</evaluationMessage>
                  </expectation>
              </instructionResult>
            <instructionResult>
        <instruction>{id='decisionTable_2_69', instruction='call', instanceName='decisionTable_2', methodName='setY', args=[2]}</instruction>
        <slimResult></slimResult>
                <expectation>
                    <status>error</status>
                    <instructionId>decisionTable_2_69</instructionId>
                              <type>VoidReturnExpectation</type>
                                        <evaluationMessage>The instance decisionTable_2.setY. does not exist</evaluationMessage>
                  </expectation>
              </instructionResult>
            <instructionResult>
        <instruction>{id='decisionTable_2_70', instruction='call', instanceName='decisionTable_2', methodName='setDirection', args=[E]}</instruction>
        <slimResult></slimResult>
                <expectation>
                    <status>error</status>
                    <instructionId>decisionTable_2_70</instructionId>
                              <type>VoidReturnExpectation</type>
                                        <evaluationMessage>The instance decisionTable_2.setDirection. does not exist</evaluationMessage>
                  </expectation>
              </instructionResult>
            <instructionResult>
        <instruction>{id='decisionTable_2_72', instruction='call', instanceName='decisionTable_2', methodName='ErrorMessageResult', args=[]}</instruction>
        <slimResult></slimResult>
                <expectation>
                    <status>error</status>
                    <instructionId>decisionTable_2_72</instructionId>
                              <type>ReturnedValueExpectation</type>
                                        <evaluationMessage>The instance decisionTable_2.ErrorMessageResult. does not exist</evaluationMessage>
                  </expectation>
              </instructionResult>
            <instructionResult>
        <instruction>{id='decisionTable_2_73', instruction='call', instanceName='decisionTable_2', methodName='PosX', args=[]}</instruction>
        <slimResult></slimResult>
                <expectation>
                    <status>error</status>
                    <instructionId>decisionTable_2_73</instructionId>
                              <type>ReturnedValueExpectation</type>
                                        <evaluationMessage>The instance decisionTable_2.PosX. does not exist</evaluationMessage>
                  </expectation>
              </instructionResult>
            <instructionResult>
        <instruction>{id='decisionTable_2_74', instruction='call', instanceName='decisionTable_2', methodName='PosY', args=[]}</instruction>
        <slimResult></slimResult>
                <expectation>
                    <status>error</status>
                    <instructionId>decisionTable_2_74</instructionId>
                              <type>ReturnedValueExpectation</type>
                                        <evaluationMessage>The instance decisionTable_2.PosY. does not exist</evaluationMessage>
                  </expectation>
              </instructionResult>
            <instructionResult>
        <instruction>{id='decisionTable_2_76', instruction='call', instanceName='decisionTable_2', methodName='setX', args=[3]}</instruction>
        <slimResult></slimResult>
                <expectation>
                    <status>error</status>
                    <instructionId>decisionTable_2_76</instructionId>
                              <type>VoidReturnExpectation</type>
                                        <evaluationMessage>The instance decisionTable_2.setX. does not exist</evaluationMessage>
                  </expectation>
              </instructionResult>
            <instructionResult>
        <instruction>{id='decisionTable_2_77', instruction='call', instanceName='decisionTable_2', methodName='setY', args=[1]}</instruction>
        <slimResult></slimResult>
                <expectation>
                    <status>error</status>
                    <instructionId>decisionTable_2_77</instructionId>
                              <type>VoidReturnExpectation</type>
                                        <evaluationMessage>The instance decisionTable_2.setY. does not exist</evaluationMessage>
                  </expectation>
              </instructionResult>
            <instructionResult>
        <instruction>{id='decisionTable_2_78', instruction='call', instanceName='decisionTable_2', methodName='setDirection', args=[E]}</instruction>
        <slimResult></slimResult>
                <expectation>
                    <status>error</status>
                    <instructionId>decisionTable_2_78</instructionId>
                              <type>VoidReturnExpectation</type>
                                        <evaluationMessage>The instance decisionTable_2.setDirection. does not exist</evaluationMessage>
                  </expectation>
              </instructionResult>
            <instructionResult>
        <instruction>{id='decisionTable_2_80', instruction='call', instanceName='decisionTable_2', methodName='ErrorMessageResult', args=[]}</instruction>
        <slimResult></slimResult>
                <expectation>
                    <status>error</status>
                    <instructionId>decisionTable_2_80</instructionId>
                              <type>ReturnedValueExpectation</type>
                                        <evaluationMessage>The instance decisionTable_2.ErrorMessageResult. does not exist</evaluationMessage>
                  </expectation>
              </instructionResult>
            <instructionResult>
        <instruction>{id='decisionTable_2_81', instruction='call', instanceName='decisionTable_2', methodName='PosX', args=[]}</instruction>
        <slimResult></slimResult>
                <expectation>
                    <status>error</status>
                    <instructionId>decisionTable_2_81</instructionId>
                              <type>ReturnedValueExpectation</type>
                                        <evaluationMessage>The instance decisionTable_2.PosX. does not exist</evaluationMessage>
                  </expectation>
              </instructionResult>
            <instructionResult>
        <instruction>{id='decisionTable_2_82', instruction='call', instanceName='decisionTable_2', methodName='PosY', args=[]}</instruction>
        <slimResult></slimResult>
                <expectation>
                    <status>error</status>
                    <instructionId>decisionTable_2_82</instructionId>
                              <type>ReturnedValueExpectation</type>
                                        <evaluationMessage>The instance decisionTable_2.PosY. does not exist</evaluationMessage>
                  </expectation>
              </instructionResult>
            <instructionResult>
        <instruction>{id='decisionTable_2_84', instruction='call', instanceName='decisionTable_2', methodName='setX', args=[3]}</instruction>
        <slimResult></slimResult>
                <expectation>
                    <status>error</status>
                    <instructionId>decisionTable_2_84</instructionId>
                              <type>VoidReturnExpectation</type>
                                        <evaluationMessage>The instance decisionTable_2.setX. does not exist</evaluationMessage>
                  </expectation>
              </instructionResult>
            <instructionResult>
        <instruction>{id='decisionTable_2_85', instruction='call', instanceName='decisionTable_2', methodName='setY', args=[1]}</instruction>
        <slimResult></slimResult>
                <expectation>
                    <status>error</status>
                    <instructionId>decisionTable_2_85</instructionId>
                              <type>VoidReturnExpectation</type>
                                        <evaluationMessage>The instance decisionTable_2.setY. does not exist</evaluationMessage>
                  </expectation>
              </instructionResult>
            <instructionResult>
        <instruction>{id='decisionTable_2_86', instruction='call', instanceName='decisionTable_2', methodName='setDirection', args=[S]}</instruction>
        <slimResult></slimResult>
                <expectation>
                    <status>error</status>
                    <instructionId>decisionTable_2_86</instructionId>
                              <type>VoidReturnExpectation</type>
                                        <evaluationMessage>The instance decisionTable_2.setDirection. does not exist</evaluationMessage>
                  </expectation>
              </instructionResult>
            <instructionResult>
        <instruction>{id='decisionTable_2_88', instruction='call', instanceName='decisionTable_2', methodName='ErrorMessageResult', args=[]}</instruction>
        <slimResult></slimResult>
                <expectation>
                    <status>error</status>
                    <instructionId>decisionTable_2_88</instructionId>
                              <type>ReturnedValueExpectation</type>
                                        <evaluationMessage>The instance decisionTable_2.ErrorMessageResult. does not exist</evaluationMessage>
                  </expectation>
              </instructionResult>
            <instructionResult>
        <instruction>{id='decisionTable_2_89', instruction='call', instanceName='decisionTable_2', methodName='PosX', args=[]}</instruction>
        <slimResult></slimResult>
                <expectation>
                    <status>error</status>
                    <instructionId>decisionTable_2_89</instructionId>
                              <type>ReturnedValueExpectation</type>
                                        <evaluationMessage>The instance decisionTable_2.PosX. does not exist</evaluationMessage>
                  </expectation>
              </instructionResult>
            <instructionResult>
        <instruction>{id='decisionTable_2_90', instruction='call', instanceName='decisionTable_2', methodName='PosY', args=[]}</instruction>
        <slimResult></slimResult>
                <expectation>
                    <status>error</status>
                    <instructionId>decisionTable_2_90</instructionId>
                              <type>ReturnedValueExpectation</type>
                                        <evaluationMessage>The instance decisionTable_2.PosY. does not exist</evaluationMessage>
                  </expectation>
              </instructionResult>
            <instructionResult>
        <instruction>{id='decisionTable_2_92', instruction='call', instanceName='decisionTable_2', methodName='setX', args=[2]}</instruction>
        <slimResult></slimResult>
                <expectation>
                    <status>error</status>
                    <instructionId>decisionTable_2_92</instructionId>
                              <type>VoidReturnExpectation</type>
                                        <evaluationMessage>The instance decisionTable_2.setX. does not exist</evaluationMessage>
                  </expectation>
              </instructionResult>
            <instructionResult>
        <instruction>{id='decisionTable_2_93', instruction='call', instanceName='decisionTable_2', methodName='setY', args=[1]}</instruction>
        <slimResult></slimResult>
                <expectation>
                    <status>error</status>
                    <instructionId>decisionTable_2_93</instructionId>
                              <type>VoidReturnExpectation</type>
                                        <evaluationMessage>The instance decisionTable_2.setY. does not exist</evaluationMessage>
                  </expectation>
              </instructionResult>
            <instructionResult>
        <instruction>{id='decisionTable_2_94', instruction='call', instanceName='decisionTable_2', methodName='setDirection', args=[S]}</instruction>
        <slimResult></slimResult>
                <expectation>
                    <status>error</status>
                    <instructionId>decisionTable_2_94</instructionId>
                              <type>VoidReturnExpectation</type>
                                        <evaluationMessage>The instance decisionTable_2.setDirection. does not exist</evaluationMessage>
                  </expectation>
              </instructionResult>
            <instructionResult>
        <instruction>{id='decisionTable_2_96', instruction='call', instanceName='decisionTable_2', methodName='ErrorMessageResult', args=[]}</instruction>
        <slimResult></slimResult>
                <expectation>
                    <status>error</status>
                    <instructionId>decisionTable_2_96</instructionId>
                              <type>ReturnedValueExpectation</type>
                                        <evaluationMessage>The instance decisionTable_2.ErrorMessageResult. does not exist</evaluationMessage>
                  </expectation>
              </instructionResult>
            <instructionResult>
        <instruction>{id='decisionTable_2_97', instruction='call', instanceName='decisionTable_2', methodName='PosX', args=[]}</instruction>
        <slimResult></slimResult>
                <expectation>
                    <status>error</status>
                    <instructionId>decisionTable_2_97</instructionId>
                              <type>ReturnedValueExpectation</type>
                                        <evaluationMessage>The instance decisionTable_2.PosX. does not exist</evaluationMessage>
                  </expectation>
              </instructionResult>
            <instructionResult>
        <instruction>{id='decisionTable_2_98', instruction='call', instanceName='decisionTable_2', methodName='PosY', args=[]}</instruction>
        <slimResult></slimResult>
                <expectation>
                    <status>error</status>
                    <instructionId>decisionTable_2_98</instructionId>
                              <type>ReturnedValueExpectation</type>
                                        <evaluationMessage>The instance decisionTable_2.PosY. does not exist</evaluationMessage>
                  </expectation>
              </instructionResult>
          </instructions>
      </result>
  <finalCounts>
    <right>0</right>
    <wrong>0</wrong>
    <ignores>0</ignores>
    <exceptions>1</exceptions>
  </finalCounts>
  <totalRunTimeInMillis>180</totalRunTimeInMillis>
</testResults>

