<?xml version="1.0"?>
<testResults>
  <FitNesseVersion>v20180127</FitNesseVersion>
  <rootPath>PlayerMovement.BoundaryCheck</rootPath>
    <result>
    <counts>
      <right>24</right>
      <wrong>12</wrong>
      <ignores>0</ignores>
      <exceptions>0</exceptions>
    </counts>
    <date>2018-02-07T11:08:01-05:00</date>
    <runTimeInMillis>213</runTimeInMillis>
    <content>&lt;br/&gt;&amp;lt;test page&amp;gt;&lt;br/&gt;&lt;br/&gt;&lt;br/&gt;&lt;table&gt;
	&lt;tr class="slimRowTitle"&gt;
		&lt;td&gt;import&lt;/td&gt;
	&lt;/tr&gt;
	&lt;tr class="slimRowColor0"&gt;
		&lt;td&gt;&lt;span class="pass"&gt;fixtures&lt;/span&gt;&lt;/td&gt;
	&lt;/tr&gt;
&lt;/table&gt;
&lt;br/&gt;&lt;table&gt;
	&lt;tr&gt;
		&lt;td colspan="6"&gt;&lt;span class="pass"&gt;PlayerMovement&lt;/span&gt;&lt;/td&gt;
	&lt;/tr&gt;
	&lt;tr&gt;
		&lt;td&gt;playerX&lt;/td&gt;
		&lt;td&gt;playerY&lt;/td&gt;
		&lt;td&gt;direction&lt;/td&gt;
		&lt;td&gt;errorMessageResult?&lt;/td&gt;
		&lt;td&gt;posX?&lt;/td&gt;
		&lt;td&gt;posY?&lt;/td&gt;
	&lt;/tr&gt;
	&lt;tr&gt;
		&lt;td&gt;1&lt;/td&gt;
		&lt;td&gt;1&lt;/td&gt;
		&lt;td&gt;S&lt;/td&gt;
		&lt;td&gt;[&lt;span class="diff"&gt;m&lt;/span&gt;o&lt;span class="diff"&gt;veme&lt;/span&gt;nt] &lt;span class="fail"&gt;expected [&lt;/span&gt;&lt;span class="diff"&gt;"Y&lt;/span&gt;&lt;span class="fail"&gt;o&lt;/span&gt;&lt;span class="diff"&gt;u ca&lt;/span&gt;&lt;span class="fail"&gt;n&lt;/span&gt;&lt;span class="diff"&gt;no&lt;/span&gt;&lt;span class="fail"&gt;t&lt;/span&gt;&lt;span class="diff"&gt; go South from here"&lt;/span&gt;&lt;span class="fail"&gt;]&lt;/span&gt;&lt;/td&gt;
		&lt;td&gt;&lt;span class="pass"&gt;1&lt;/span&gt;&lt;/td&gt;
		&lt;td&gt;&lt;span class="pass"&gt;1&lt;/span&gt;&lt;/td&gt;
	&lt;/tr&gt;
	&lt;tr&gt;
		&lt;td&gt;1&lt;/td&gt;
		&lt;td&gt;1&lt;/td&gt;
		&lt;td&gt;W&lt;/td&gt;
		&lt;td&gt;[You can&lt;span class="diff"&gt; &lt;/span&gt;not go &lt;span class="diff"&gt;Sou&lt;/span&gt;t&lt;span class="diff"&gt;h&lt;/span&gt; from here&lt;span class="diff"&gt;.&lt;/span&gt;] &lt;span class="fail"&gt;expected [&lt;/span&gt;&lt;span class="diff"&gt;"&lt;/span&gt;&lt;span class="fail"&gt;You cannot go &lt;/span&gt;&lt;span class="diff"&gt;Wes&lt;/span&gt;&lt;span class="fail"&gt;t from here&lt;/span&gt;&lt;span class="diff"&gt;"&lt;/span&gt;&lt;span class="fail"&gt;]&lt;/span&gt;&lt;/td&gt;
		&lt;td&gt;&lt;span class="pass"&gt;1&lt;/span&gt;&lt;/td&gt;
		&lt;td&gt;&lt;span class="pass"&gt;1&lt;/span&gt;&lt;/td&gt;
	&lt;/tr&gt;
	&lt;tr&gt;
		&lt;td&gt;1&lt;/td&gt;
		&lt;td&gt;2&lt;/td&gt;
		&lt;td&gt;W&lt;/td&gt;
		&lt;td&gt;[You can&lt;span class="diff"&gt; &lt;/span&gt;not go West from here&lt;span class="diff"&gt;.&lt;/span&gt;] &lt;span class="fail"&gt;expected [&lt;/span&gt;&lt;span class="diff"&gt;"&lt;/span&gt;&lt;span class="fail"&gt;You cannot go West from here&lt;/span&gt;&lt;span class="diff"&gt;"&lt;/span&gt;&lt;span class="fail"&gt;]&lt;/span&gt;&lt;/td&gt;
		&lt;td&gt;&lt;span class="pass"&gt;1&lt;/span&gt;&lt;/td&gt;
		&lt;td&gt;&lt;span class="pass"&gt;2&lt;/span&gt;&lt;/td&gt;
	&lt;/tr&gt;
	&lt;tr&gt;
		&lt;td&gt;1&lt;/td&gt;
		&lt;td&gt;3&lt;/td&gt;
		&lt;td&gt;W&lt;/td&gt;
		&lt;td&gt;[You can&lt;span class="diff"&gt; &lt;/span&gt;not go West from here&lt;span class="diff"&gt;.&lt;/span&gt;] &lt;span class="fail"&gt;expected [&lt;/span&gt;&lt;span class="diff"&gt;"&lt;/span&gt;&lt;span class="fail"&gt;You cannot go West from here&lt;/span&gt;&lt;span class="diff"&gt;"&lt;/span&gt;&lt;span class="fail"&gt;]&lt;/span&gt;&lt;/td&gt;
		&lt;td&gt;&lt;span class="pass"&gt;1&lt;/span&gt;&lt;/td&gt;
		&lt;td&gt;&lt;span class="pass"&gt;3&lt;/span&gt;&lt;/td&gt;
	&lt;/tr&gt;
	&lt;tr&gt;
		&lt;td&gt;1&lt;/td&gt;
		&lt;td&gt;3&lt;/td&gt;
		&lt;td&gt;N&lt;/td&gt;
		&lt;td&gt;[You can&lt;span class="diff"&gt; &lt;/span&gt;not go &lt;span class="diff"&gt;Wes&lt;/span&gt;t from here&lt;span class="diff"&gt;.&lt;/span&gt;] &lt;span class="fail"&gt;expected [&lt;/span&gt;&lt;span class="diff"&gt;"&lt;/span&gt;&lt;span class="fail"&gt;You cannot go &lt;/span&gt;&lt;span class="diff"&gt;Nor&lt;/span&gt;&lt;span class="fail"&gt;t&lt;/span&gt;&lt;span class="diff"&gt;h&lt;/span&gt;&lt;span class="fail"&gt; from here&lt;/span&gt;&lt;span class="diff"&gt;"&lt;/span&gt;&lt;span class="fail"&gt;]&lt;/span&gt;&lt;/td&gt;
		&lt;td&gt;&lt;span class="pass"&gt;1&lt;/span&gt;&lt;/td&gt;
		&lt;td&gt;&lt;span class="pass"&gt;3&lt;/span&gt;&lt;/td&gt;
	&lt;/tr&gt;
	&lt;tr&gt;
		&lt;td&gt;2&lt;/td&gt;
		&lt;td&gt;3&lt;/td&gt;
		&lt;td&gt;N&lt;/td&gt;
		&lt;td&gt;[You can&lt;span class="diff"&gt; &lt;/span&gt;not go North from here&lt;span class="diff"&gt;.&lt;/span&gt;] &lt;span class="fail"&gt;expected [&lt;/span&gt;&lt;span class="diff"&gt;"&lt;/span&gt;&lt;span class="fail"&gt;You cannot go North from here&lt;/span&gt;&lt;span class="diff"&gt;"&lt;/span&gt;&lt;span class="fail"&gt;]&lt;/span&gt;&lt;/td&gt;
		&lt;td&gt;&lt;span class="pass"&gt;2&lt;/span&gt;&lt;/td&gt;
		&lt;td&gt;&lt;span class="pass"&gt;3&lt;/span&gt;&lt;/td&gt;
	&lt;/tr&gt;
	&lt;tr&gt;
		&lt;td&gt;3&lt;/td&gt;
		&lt;td&gt;3&lt;/td&gt;
		&lt;td&gt;N&lt;/td&gt;
		&lt;td&gt;[You can&lt;span class="diff"&gt; &lt;/span&gt;not go North from here&lt;span class="diff"&gt;.&lt;/span&gt;] &lt;span class="fail"&gt;expected [&lt;/span&gt;&lt;span class="diff"&gt;"&lt;/span&gt;&lt;span class="fail"&gt;You cannot go North from here&lt;/span&gt;&lt;span class="diff"&gt;"&lt;/span&gt;&lt;span class="fail"&gt;]&lt;/span&gt;&lt;/td&gt;
		&lt;td&gt;&lt;span class="pass"&gt;3&lt;/span&gt;&lt;/td&gt;
		&lt;td&gt;&lt;span class="pass"&gt;3&lt;/span&gt;&lt;/td&gt;
	&lt;/tr&gt;
	&lt;tr&gt;
		&lt;td&gt;3&lt;/td&gt;
		&lt;td&gt;3&lt;/td&gt;
		&lt;td&gt;E&lt;/td&gt;
		&lt;td&gt;[You can&lt;span class="diff"&gt; &lt;/span&gt;not go &lt;span class="diff"&gt;Nor&lt;/span&gt;t&lt;span class="diff"&gt;h&lt;/span&gt; from here&lt;span class="diff"&gt;.&lt;/span&gt;] &lt;span class="fail"&gt;expected [&lt;/span&gt;&lt;span class="diff"&gt;"&lt;/span&gt;&lt;span class="fail"&gt;You cannot go &lt;/span&gt;&lt;span class="diff"&gt;Eas&lt;/span&gt;&lt;span class="fail"&gt;t from here&lt;/span&gt;&lt;span class="diff"&gt;"&lt;/span&gt;&lt;span class="fail"&gt;]&lt;/span&gt;&lt;/td&gt;
		&lt;td&gt;&lt;span class="pass"&gt;3&lt;/span&gt;&lt;/td&gt;
		&lt;td&gt;&lt;span class="pass"&gt;3&lt;/span&gt;&lt;/td&gt;
	&lt;/tr&gt;
	&lt;tr&gt;
		&lt;td&gt;3&lt;/td&gt;
		&lt;td&gt;2&lt;/td&gt;
		&lt;td&gt;E&lt;/td&gt;
		&lt;td&gt;[You can&lt;span class="diff"&gt; &lt;/span&gt;not go East from here&lt;span class="diff"&gt;.&lt;/span&gt;] &lt;span class="fail"&gt;expected [&lt;/span&gt;&lt;span class="diff"&gt;"&lt;/span&gt;&lt;span class="fail"&gt;You cannot go East from here&lt;/span&gt;&lt;span class="diff"&gt;"&lt;/span&gt;&lt;span class="fail"&gt;]&lt;/span&gt;&lt;/td&gt;
		&lt;td&gt;&lt;span class="pass"&gt;3&lt;/span&gt;&lt;/td&gt;
		&lt;td&gt;&lt;span class="pass"&gt;2&lt;/span&gt;&lt;/td&gt;
	&lt;/tr&gt;
	&lt;tr&gt;
		&lt;td&gt;3&lt;/td&gt;
		&lt;td&gt;1&lt;/td&gt;
		&lt;td&gt;E&lt;/td&gt;
		&lt;td&gt;[You can&lt;span class="diff"&gt; &lt;/span&gt;not go East from here&lt;span class="diff"&gt;.&lt;/span&gt;] &lt;span class="fail"&gt;expected [&lt;/span&gt;&lt;span class="diff"&gt;"&lt;/span&gt;&lt;span class="fail"&gt;You cannot go East from here&lt;/span&gt;&lt;span class="diff"&gt;"&lt;/span&gt;&lt;span class="fail"&gt;]&lt;/span&gt;&lt;/td&gt;
		&lt;td&gt;&lt;span class="pass"&gt;3&lt;/span&gt;&lt;/td&gt;
		&lt;td&gt;&lt;span class="pass"&gt;1&lt;/span&gt;&lt;/td&gt;
	&lt;/tr&gt;
	&lt;tr&gt;
		&lt;td&gt;3&lt;/td&gt;
		&lt;td&gt;1&lt;/td&gt;
		&lt;td&gt;S&lt;/td&gt;
		&lt;td&gt;[You can&lt;span class="diff"&gt; &lt;/span&gt;not go &lt;span class="diff"&gt;Eas&lt;/span&gt;t from here&lt;span class="diff"&gt;.&lt;/span&gt;] &lt;span class="fail"&gt;expected [&lt;/span&gt;&lt;span class="diff"&gt;"&lt;/span&gt;&lt;span class="fail"&gt;You cannot go &lt;/span&gt;&lt;span class="diff"&gt;Sou&lt;/span&gt;&lt;span class="fail"&gt;t&lt;/span&gt;&lt;span class="diff"&gt;h&lt;/span&gt;&lt;span class="fail"&gt; from here&lt;/span&gt;&lt;span class="diff"&gt;"&lt;/span&gt;&lt;span class="fail"&gt;]&lt;/span&gt;&lt;/td&gt;
		&lt;td&gt;&lt;span class="pass"&gt;3&lt;/span&gt;&lt;/td&gt;
		&lt;td&gt;&lt;span class="pass"&gt;1&lt;/span&gt;&lt;/td&gt;
	&lt;/tr&gt;
	&lt;tr&gt;
		&lt;td&gt;2&lt;/td&gt;
		&lt;td&gt;1&lt;/td&gt;
		&lt;td&gt;S&lt;/td&gt;
		&lt;td&gt;[You can&lt;span class="diff"&gt; &lt;/span&gt;not go South from here&lt;span class="diff"&gt;.&lt;/span&gt;] &lt;span class="fail"&gt;expected [&lt;/span&gt;&lt;span class="diff"&gt;"&lt;/span&gt;&lt;span class="fail"&gt;You cannot go South from here&lt;/span&gt;&lt;span class="diff"&gt;"&lt;/span&gt;&lt;span class="fail"&gt;]&lt;/span&gt;&lt;/td&gt;
		&lt;td&gt;&lt;span class="pass"&gt;2&lt;/span&gt;&lt;/td&gt;
		&lt;td&gt;&lt;span class="pass"&gt;1&lt;/span&gt;&lt;/td&gt;
	&lt;/tr&gt;
&lt;/table&gt;
&lt;br/&gt;&lt;br/&gt;</content>
    <relativePageName>BoundaryCheck</relativePageName>
            <instructions>
            <instructionResult>
        <instruction>{id='import_0_0', instruction='import', path='fixtures'}</instruction>
        <slimResult>pass(fixtures)</slimResult>
                <expectation>
                    <status>pass</status>
                    <instructionId>import_0_0</instructionId>
                    <col>0</col>
                              <row>1</row>
                    <type>ImportExpectation</type>
                                        <evaluationMessage>fixtures</evaluationMessage>
                  </expectation>
              </instructionResult>
            <instructionResult>
        <instruction>{id='decisionTable_1_0', instruction='make', instanceName='decisionTable_1', className='PlayerMovement', args=[]}</instruction>
        <slimResult>pass(PlayerMovement)</slimResult>
                <expectation>
                    <status>pass</status>
                    <instructionId>decisionTable_1_0</instructionId>
                    <col>0</col>
                              <row>0</row>
                    <type>ConstructionExpectation</type>
                                        <evaluationMessage>PlayerMovement</evaluationMessage>
                  </expectation>
              </instructionResult>
            <instructionResult>
        <instruction>{id='decisionTable_1_4', instruction='call', instanceName='decisionTable_1', methodName='setPlayerX', args=[1]}</instruction>
        <slimResult></slimResult>
                <expectation>
                    <instructionId>decisionTable_1_4</instructionId>
                    <col>0</col>
                              <row>2</row>
                    <type>VoidReturnExpectation</type>
                                      </expectation>
              </instructionResult>
            <instructionResult>
        <instruction>{id='decisionTable_1_5', instruction='call', instanceName='decisionTable_1', methodName='setPlayerY', args=[1]}</instruction>
        <slimResult></slimResult>
                <expectation>
                    <instructionId>decisionTable_1_5</instructionId>
                    <col>1</col>
                              <row>2</row>
                    <type>VoidReturnExpectation</type>
                                      </expectation>
              </instructionResult>
            <instructionResult>
        <instruction>{id='decisionTable_1_6', instruction='call', instanceName='decisionTable_1', methodName='setDirection', args=[S]}</instruction>
        <slimResult></slimResult>
                <expectation>
                    <instructionId>decisionTable_1_6</instructionId>
                    <col>2</col>
                              <row>2</row>
                    <type>VoidReturnExpectation</type>
                                      </expectation>
              </instructionResult>
            <instructionResult>
        <instruction>{id='decisionTable_1_8', instruction='call', instanceName='decisionTable_1', methodName='errorMessageResult', args=[]}</instruction>
        <slimResult>fail(a=movement;e="You cannot go South from here")</slimResult>
                <expectation>
                    <status>fail</status>
                    <instructionId>decisionTable_1_8</instructionId>
                    <col>3</col>
                              <row>2</row>
                    <type>ReturnedValueExpectation</type>
                    <actual>movement</actual>
                              <expected>"You cannot go South from here"</expected>
                            </expectation>
              </instructionResult>
            <instructionResult>
        <instruction>{id='decisionTable_1_9', instruction='call', instanceName='decisionTable_1', methodName='posX', args=[]}</instruction>
        <slimResult>pass(1)</slimResult>
                <expectation>
                    <status>pass</status>
                    <instructionId>decisionTable_1_9</instructionId>
                    <col>4</col>
                              <row>2</row>
                    <type>ReturnedValueExpectation</type>
                                        <evaluationMessage>1</evaluationMessage>
                  </expectation>
              </instructionResult>
            <instructionResult>
        <instruction>{id='decisionTable_1_10', instruction='call', instanceName='decisionTable_1', methodName='posY', args=[]}</instruction>
        <slimResult>pass(1)</slimResult>
                <expectation>
                    <status>pass</status>
                    <instructionId>decisionTable_1_10</instructionId>
                    <col>5</col>
                              <row>2</row>
                    <type>ReturnedValueExpectation</type>
                                        <evaluationMessage>1</evaluationMessage>
                  </expectation>
              </instructionResult>
            <instructionResult>
        <instruction>{id='decisionTable_1_12', instruction='call', instanceName='decisionTable_1', methodName='setPlayerX', args=[1]}</instruction>
        <slimResult></slimResult>
                <expectation>
                    <instructionId>decisionTable_1_12</instructionId>
                    <col>0</col>
                              <row>3</row>
                    <type>VoidReturnExpectation</type>
                                      </expectation>
              </instructionResult>
            <instructionResult>
        <instruction>{id='decisionTable_1_13', instruction='call', instanceName='decisionTable_1', methodName='setPlayerY', args=[1]}</instruction>
        <slimResult></slimResult>
                <expectation>
                    <instructionId>decisionTable_1_13</instructionId>
                    <col>1</col>
                              <row>3</row>
                    <type>VoidReturnExpectation</type>
                                      </expectation>
              </instructionResult>
            <instructionResult>
        <instruction>{id='decisionTable_1_14', instruction='call', instanceName='decisionTable_1', methodName='setDirection', args=[W]}</instruction>
        <slimResult></slimResult>
                <expectation>
                    <instructionId>decisionTable_1_14</instructionId>
                    <col>2</col>
                              <row>3</row>
                    <type>VoidReturnExpectation</type>
                                      </expectation>
              </instructionResult>
            <instructionResult>
        <instruction>{id='decisionTable_1_16', instruction='call', instanceName='decisionTable_1', methodName='errorMessageResult', args=[]}</instruction>
        <slimResult>fail(a=You can not go South from here.;e="You cannot go West from here")</slimResult>
                <expectation>
                    <status>fail</status>
                    <instructionId>decisionTable_1_16</instructionId>
                    <col>3</col>
                              <row>3</row>
                    <type>ReturnedValueExpectation</type>
                    <actual>You can not go South from here.</actual>
                              <expected>"You cannot go West from here"</expected>
                            </expectation>
              </instructionResult>
            <instructionResult>
        <instruction>{id='decisionTable_1_17', instruction='call', instanceName='decisionTable_1', methodName='posX', args=[]}</instruction>
        <slimResult>pass(1)</slimResult>
                <expectation>
                    <status>pass</status>
                    <instructionId>decisionTable_1_17</instructionId>
                    <col>4</col>
                              <row>3</row>
                    <type>ReturnedValueExpectation</type>
                                        <evaluationMessage>1</evaluationMessage>
                  </expectation>
              </instructionResult>
            <instructionResult>
        <instruction>{id='decisionTable_1_18', instruction='call', instanceName='decisionTable_1', methodName='posY', args=[]}</instruction>
        <slimResult>pass(1)</slimResult>
                <expectation>
                    <status>pass</status>
                    <instructionId>decisionTable_1_18</instructionId>
                    <col>5</col>
                              <row>3</row>
                    <type>ReturnedValueExpectation</type>
                                        <evaluationMessage>1</evaluationMessage>
                  </expectation>
              </instructionResult>
            <instructionResult>
        <instruction>{id='decisionTable_1_20', instruction='call', instanceName='decisionTable_1', methodName='setPlayerX', args=[1]}</instruction>
        <slimResult></slimResult>
                <expectation>
                    <instructionId>decisionTable_1_20</instructionId>
                    <col>0</col>
                              <row>4</row>
                    <type>VoidReturnExpectation</type>
                                      </expectation>
              </instructionResult>
            <instructionResult>
        <instruction>{id='decisionTable_1_21', instruction='call', instanceName='decisionTable_1', methodName='setPlayerY', args=[2]}</instruction>
        <slimResult></slimResult>
                <expectation>
                    <instructionId>decisionTable_1_21</instructionId>
                    <col>1</col>
                              <row>4</row>
                    <type>VoidReturnExpectation</type>
                                      </expectation>
              </instructionResult>
            <instructionResult>
        <instruction>{id='decisionTable_1_22', instruction='call', instanceName='decisionTable_1', methodName='setDirection', args=[W]}</instruction>
        <slimResult></slimResult>
                <expectation>
                    <instructionId>decisionTable_1_22</instructionId>
                    <col>2</col>
                              <row>4</row>
                    <type>VoidReturnExpectation</type>
                                      </expectation>
              </instructionResult>
            <instructionResult>
        <instruction>{id='decisionTable_1_24', instruction='call', instanceName='decisionTable_1', methodName='errorMessageResult', args=[]}</instruction>
        <slimResult>fail(a=You can not go West from here.;e="You cannot go West from here")</slimResult>
                <expectation>
                    <status>fail</status>
                    <instructionId>decisionTable_1_24</instructionId>
                    <col>3</col>
                              <row>4</row>
                    <type>ReturnedValueExpectation</type>
                    <actual>You can not go West from here.</actual>
                              <expected>"You cannot go West from here"</expected>
                            </expectation>
              </instructionResult>
            <instructionResult>
        <instruction>{id='decisionTable_1_25', instruction='call', instanceName='decisionTable_1', methodName='posX', args=[]}</instruction>
        <slimResult>pass(1)</slimResult>
                <expectation>
                    <status>pass</status>
                    <instructionId>decisionTable_1_25</instructionId>
                    <col>4</col>
                              <row>4</row>
                    <type>ReturnedValueExpectation</type>
                                        <evaluationMessage>1</evaluationMessage>
                  </expectation>
              </instructionResult>
            <instructionResult>
        <instruction>{id='decisionTable_1_26', instruction='call', instanceName='decisionTable_1', methodName='posY', args=[]}</instruction>
        <slimResult>pass(2)</slimResult>
                <expectation>
                    <status>pass</status>
                    <instructionId>decisionTable_1_26</instructionId>
                    <col>5</col>
                              <row>4</row>
                    <type>ReturnedValueExpectation</type>
                                        <evaluationMessage>2</evaluationMessage>
                  </expectation>
              </instructionResult>
            <instructionResult>
        <instruction>{id='decisionTable_1_28', instruction='call', instanceName='decisionTable_1', methodName='setPlayerX', args=[1]}</instruction>
        <slimResult></slimResult>
                <expectation>
                    <instructionId>decisionTable_1_28</instructionId>
                    <col>0</col>
                              <row>5</row>
                    <type>VoidReturnExpectation</type>
                                      </expectation>
              </instructionResult>
            <instructionResult>
        <instruction>{id='decisionTable_1_29', instruction='call', instanceName='decisionTable_1', methodName='setPlayerY', args=[3]}</instruction>
        <slimResult></slimResult>
                <expectation>
                    <instructionId>decisionTable_1_29</instructionId>
                    <col>1</col>
                              <row>5</row>
                    <type>VoidReturnExpectation</type>
                                      </expectation>
              </instructionResult>
            <instructionResult>
        <instruction>{id='decisionTable_1_30', instruction='call', instanceName='decisionTable_1', methodName='setDirection', args=[W]}</instruction>
        <slimResult></slimResult>
                <expectation>
                    <instructionId>decisionTable_1_30</instructionId>
                    <col>2</col>
                              <row>5</row>
                    <type>VoidReturnExpectation</type>
                                      </expectation>
              </instructionResult>
            <instructionResult>
        <instruction>{id='decisionTable_1_32', instruction='call', instanceName='decisionTable_1', methodName='errorMessageResult', args=[]}</instruction>
        <slimResult>fail(a=You can not go West from here.;e="You cannot go West from here")</slimResult>
                <expectation>
                    <status>fail</status>
                    <instructionId>decisionTable_1_32</instructionId>
                    <col>3</col>
                              <row>5</row>
                    <type>ReturnedValueExpectation</type>
                    <actual>You can not go West from here.</actual>
                              <expected>"You cannot go West from here"</expected>
                            </expectation>
              </instructionResult>
            <instructionResult>
        <instruction>{id='decisionTable_1_33', instruction='call', instanceName='decisionTable_1', methodName='posX', args=[]}</instruction>
        <slimResult>pass(1)</slimResult>
                <expectation>
                    <status>pass</status>
                    <instructionId>decisionTable_1_33</instructionId>
                    <col>4</col>
                              <row>5</row>
                    <type>ReturnedValueExpectation</type>
                                        <evaluationMessage>1</evaluationMessage>
                  </expectation>
              </instructionResult>
            <instructionResult>
        <instruction>{id='decisionTable_1_34', instruction='call', instanceName='decisionTable_1', methodName='posY', args=[]}</instruction>
        <slimResult>pass(3)</slimResult>
                <expectation>
                    <status>pass</status>
                    <instructionId>decisionTable_1_34</instructionId>
                    <col>5</col>
                              <row>5</row>
                    <type>ReturnedValueExpectation</type>
                                        <evaluationMessage>3</evaluationMessage>
                  </expectation>
              </instructionResult>
            <instructionResult>
        <instruction>{id='decisionTable_1_36', instruction='call', instanceName='decisionTable_1', methodName='setPlayerX', args=[1]}</instruction>
        <slimResult></slimResult>
                <expectation>
                    <instructionId>decisionTable_1_36</instructionId>
                    <col>0</col>
                              <row>6</row>
                    <type>VoidReturnExpectation</type>
                                      </expectation>
              </instructionResult>
            <instructionResult>
        <instruction>{id='decisionTable_1_37', instruction='call', instanceName='decisionTable_1', methodName='setPlayerY', args=[3]}</instruction>
        <slimResult></slimResult>
                <expectation>
                    <instructionId>decisionTable_1_37</instructionId>
                    <col>1</col>
                              <row>6</row>
                    <type>VoidReturnExpectation</type>
                                      </expectation>
              </instructionResult>
            <instructionResult>
        <instruction>{id='decisionTable_1_38', instruction='call', instanceName='decisionTable_1', methodName='setDirection', args=[N]}</instruction>
        <slimResult></slimResult>
                <expectation>
                    <instructionId>decisionTable_1_38</instructionId>
                    <col>2</col>
                              <row>6</row>
                    <type>VoidReturnExpectation</type>
                                      </expectation>
              </instructionResult>
            <instructionResult>
        <instruction>{id='decisionTable_1_40', instruction='call', instanceName='decisionTable_1', methodName='errorMessageResult', args=[]}</instruction>
        <slimResult>fail(a=You can not go West from here.;e="You cannot go North from here")</slimResult>
                <expectation>
                    <status>fail</status>
                    <instructionId>decisionTable_1_40</instructionId>
                    <col>3</col>
                              <row>6</row>
                    <type>ReturnedValueExpectation</type>
                    <actual>You can not go West from here.</actual>
                              <expected>"You cannot go North from here"</expected>
                            </expectation>
              </instructionResult>
            <instructionResult>
        <instruction>{id='decisionTable_1_41', instruction='call', instanceName='decisionTable_1', methodName='posX', args=[]}</instruction>
        <slimResult>pass(1)</slimResult>
                <expectation>
                    <status>pass</status>
                    <instructionId>decisionTable_1_41</instructionId>
                    <col>4</col>
                              <row>6</row>
                    <type>ReturnedValueExpectation</type>
                                        <evaluationMessage>1</evaluationMessage>
                  </expectation>
              </instructionResult>
            <instructionResult>
        <instruction>{id='decisionTable_1_42', instruction='call', instanceName='decisionTable_1', methodName='posY', args=[]}</instruction>
        <slimResult>pass(3)</slimResult>
                <expectation>
                    <status>pass</status>
                    <instructionId>decisionTable_1_42</instructionId>
                    <col>5</col>
                              <row>6</row>
                    <type>ReturnedValueExpectation</type>
                                        <evaluationMessage>3</evaluationMessage>
                  </expectation>
              </instructionResult>
            <instructionResult>
        <instruction>{id='decisionTable_1_44', instruction='call', instanceName='decisionTable_1', methodName='setPlayerX', args=[2]}</instruction>
        <slimResult></slimResult>
                <expectation>
                    <instructionId>decisionTable_1_44</instructionId>
                    <col>0</col>
                              <row>7</row>
                    <type>VoidReturnExpectation</type>
                                      </expectation>
              </instructionResult>
            <instructionResult>
        <instruction>{id='decisionTable_1_45', instruction='call', instanceName='decisionTable_1', methodName='setPlayerY', args=[3]}</instruction>
        <slimResult></slimResult>
                <expectation>
                    <instructionId>decisionTable_1_45</instructionId>
                    <col>1</col>
                              <row>7</row>
                    <type>VoidReturnExpectation</type>
                                      </expectation>
              </instructionResult>
            <instructionResult>
        <instruction>{id='decisionTable_1_46', instruction='call', instanceName='decisionTable_1', methodName='setDirection', args=[N]}</instruction>
        <slimResult></slimResult>
                <expectation>
                    <instructionId>decisionTable_1_46</instructionId>
                    <col>2</col>
                              <row>7</row>
                    <type>VoidReturnExpectation</type>
                                      </expectation>
              </instructionResult>
            <instructionResult>
        <instruction>{id='decisionTable_1_48', instruction='call', instanceName='decisionTable_1', methodName='errorMessageResult', args=[]}</instruction>
        <slimResult>fail(a=You can not go North from here.;e="You cannot go North from here")</slimResult>
                <expectation>
                    <status>fail</status>
                    <instructionId>decisionTable_1_48</instructionId>
                    <col>3</col>
                              <row>7</row>
                    <type>ReturnedValueExpectation</type>
                    <actual>You can not go North from here.</actual>
                              <expected>"You cannot go North from here"</expected>
                            </expectation>
              </instructionResult>
            <instructionResult>
        <instruction>{id='decisionTable_1_49', instruction='call', instanceName='decisionTable_1', methodName='posX', args=[]}</instruction>
        <slimResult>pass(2)</slimResult>
                <expectation>
                    <status>pass</status>
                    <instructionId>decisionTable_1_49</instructionId>
                    <col>4</col>
                              <row>7</row>
                    <type>ReturnedValueExpectation</type>
                                        <evaluationMessage>2</evaluationMessage>
                  </expectation>
              </instructionResult>
            <instructionResult>
        <instruction>{id='decisionTable_1_50', instruction='call', instanceName='decisionTable_1', methodName='posY', args=[]}</instruction>
        <slimResult>pass(3)</slimResult>
                <expectation>
                    <status>pass</status>
                    <instructionId>decisionTable_1_50</instructionId>
                    <col>5</col>
                              <row>7</row>
                    <type>ReturnedValueExpectation</type>
                                        <evaluationMessage>3</evaluationMessage>
                  </expectation>
              </instructionResult>
            <instructionResult>
        <instruction>{id='decisionTable_1_52', instruction='call', instanceName='decisionTable_1', methodName='setPlayerX', args=[3]}</instruction>
        <slimResult></slimResult>
                <expectation>
                    <instructionId>decisionTable_1_52</instructionId>
                    <col>0</col>
                              <row>8</row>
                    <type>VoidReturnExpectation</type>
                                      </expectation>
              </instructionResult>
            <instructionResult>
        <instruction>{id='decisionTable_1_53', instruction='call', instanceName='decisionTable_1', methodName='setPlayerY', args=[3]}</instruction>
        <slimResult></slimResult>
                <expectation>
                    <instructionId>decisionTable_1_53</instructionId>
                    <col>1</col>
                              <row>8</row>
                    <type>VoidReturnExpectation</type>
                                      </expectation>
              </instructionResult>
            <instructionResult>
        <instruction>{id='decisionTable_1_54', instruction='call', instanceName='decisionTable_1', methodName='setDirection', args=[N]}</instruction>
        <slimResult></slimResult>
                <expectation>
                    <instructionId>decisionTable_1_54</instructionId>
                    <col>2</col>
                              <row>8</row>
                    <type>VoidReturnExpectation</type>
                                      </expectation>
              </instructionResult>
            <instructionResult>
        <instruction>{id='decisionTable_1_56', instruction='call', instanceName='decisionTable_1', methodName='errorMessageResult', args=[]}</instruction>
        <slimResult>fail(a=You can not go North from here.;e="You cannot go North from here")</slimResult>
                <expectation>
                    <status>fail</status>
                    <instructionId>decisionTable_1_56</instructionId>
                    <col>3</col>
                              <row>8</row>
                    <type>ReturnedValueExpectation</type>
                    <actual>You can not go North from here.</actual>
                              <expected>"You cannot go North from here"</expected>
                            </expectation>
              </instructionResult>
            <instructionResult>
        <instruction>{id='decisionTable_1_57', instruction='call', instanceName='decisionTable_1', methodName='posX', args=[]}</instruction>
        <slimResult>pass(3)</slimResult>
                <expectation>
                    <status>pass</status>
                    <instructionId>decisionTable_1_57</instructionId>
                    <col>4</col>
                              <row>8</row>
                    <type>ReturnedValueExpectation</type>
                                        <evaluationMessage>3</evaluationMessage>
                  </expectation>
              </instructionResult>
            <instructionResult>
        <instruction>{id='decisionTable_1_58', instruction='call', instanceName='decisionTable_1', methodName='posY', args=[]}</instruction>
        <slimResult>pass(3)</slimResult>
                <expectation>
                    <status>pass</status>
                    <instructionId>decisionTable_1_58</instructionId>
                    <col>5</col>
                              <row>8</row>
                    <type>ReturnedValueExpectation</type>
                                        <evaluationMessage>3</evaluationMessage>
                  </expectation>
              </instructionResult>
            <instructionResult>
        <instruction>{id='decisionTable_1_60', instruction='call', instanceName='decisionTable_1', methodName='setPlayerX', args=[3]}</instruction>
        <slimResult></slimResult>
                <expectation>
                    <instructionId>decisionTable_1_60</instructionId>
                    <col>0</col>
                              <row>9</row>
                    <type>VoidReturnExpectation</type>
                                      </expectation>
              </instructionResult>
            <instructionResult>
        <instruction>{id='decisionTable_1_61', instruction='call', instanceName='decisionTable_1', methodName='setPlayerY', args=[3]}</instruction>
        <slimResult></slimResult>
                <expectation>
                    <instructionId>decisionTable_1_61</instructionId>
                    <col>1</col>
                              <row>9</row>
                    <type>VoidReturnExpectation</type>
                                      </expectation>
              </instructionResult>
            <instructionResult>
        <instruction>{id='decisionTable_1_62', instruction='call', instanceName='decisionTable_1', methodName='setDirection', args=[E]}</instruction>
        <slimResult></slimResult>
                <expectation>
                    <instructionId>decisionTable_1_62</instructionId>
                    <col>2</col>
                              <row>9</row>
                    <type>VoidReturnExpectation</type>
                                      </expectation>
              </instructionResult>
            <instructionResult>
        <instruction>{id='decisionTable_1_64', instruction='call', instanceName='decisionTable_1', methodName='errorMessageResult', args=[]}</instruction>
        <slimResult>fail(a=You can not go North from here.;e="You cannot go East from here")</slimResult>
                <expectation>
                    <status>fail</status>
                    <instructionId>decisionTable_1_64</instructionId>
                    <col>3</col>
                              <row>9</row>
                    <type>ReturnedValueExpectation</type>
                    <actual>You can not go North from here.</actual>
                              <expected>"You cannot go East from here"</expected>
                            </expectation>
              </instructionResult>
            <instructionResult>
        <instruction>{id='decisionTable_1_65', instruction='call', instanceName='decisionTable_1', methodName='posX', args=[]}</instruction>
        <slimResult>pass(3)</slimResult>
                <expectation>
                    <status>pass</status>
                    <instructionId>decisionTable_1_65</instructionId>
                    <col>4</col>
                              <row>9</row>
                    <type>ReturnedValueExpectation</type>
                                        <evaluationMessage>3</evaluationMessage>
                  </expectation>
              </instructionResult>
            <instructionResult>
        <instruction>{id='decisionTable_1_66', instruction='call', instanceName='decisionTable_1', methodName='posY', args=[]}</instruction>
        <slimResult>pass(3)</slimResult>
                <expectation>
                    <status>pass</status>
                    <instructionId>decisionTable_1_66</instructionId>
                    <col>5</col>
                              <row>9</row>
                    <type>ReturnedValueExpectation</type>
                                        <evaluationMessage>3</evaluationMessage>
                  </expectation>
              </instructionResult>
            <instructionResult>
        <instruction>{id='decisionTable_1_68', instruction='call', instanceName='decisionTable_1', methodName='setPlayerX', args=[3]}</instruction>
        <slimResult></slimResult>
                <expectation>
                    <instructionId>decisionTable_1_68</instructionId>
                    <col>0</col>
                              <row>10</row>
                    <type>VoidReturnExpectation</type>
                                      </expectation>
              </instructionResult>
            <instructionResult>
        <instruction>{id='decisionTable_1_69', instruction='call', instanceName='decisionTable_1', methodName='setPlayerY', args=[2]}</instruction>
        <slimResult></slimResult>
                <expectation>
                    <instructionId>decisionTable_1_69</instructionId>
                    <col>1</col>
                              <row>10</row>
                    <type>VoidReturnExpectation</type>
                                      </expectation>
              </instructionResult>
            <instructionResult>
        <instruction>{id='decisionTable_1_70', instruction='call', instanceName='decisionTable_1', methodName='setDirection', args=[E]}</instruction>
        <slimResult></slimResult>
                <expectation>
                    <instructionId>decisionTable_1_70</instructionId>
                    <col>2</col>
                              <row>10</row>
                    <type>VoidReturnExpectation</type>
                                      </expectation>
              </instructionResult>
            <instructionResult>
        <instruction>{id='decisionTable_1_72', instruction='call', instanceName='decisionTable_1', methodName='errorMessageResult', args=[]}</instruction>
        <slimResult>fail(a=You can not go East from here.;e="You cannot go East from here")</slimResult>
                <expectation>
                    <status>fail</status>
                    <instructionId>decisionTable_1_72</instructionId>
                    <col>3</col>
                              <row>10</row>
                    <type>ReturnedValueExpectation</type>
                    <actual>You can not go East from here.</actual>
                              <expected>"You cannot go East from here"</expected>
                            </expectation>
              </instructionResult>
            <instructionResult>
        <instruction>{id='decisionTable_1_73', instruction='call', instanceName='decisionTable_1', methodName='posX', args=[]}</instruction>
        <slimResult>pass(3)</slimResult>
                <expectation>
                    <status>pass</status>
                    <instructionId>decisionTable_1_73</instructionId>
                    <col>4</col>
                              <row>10</row>
                    <type>ReturnedValueExpectation</type>
                                        <evaluationMessage>3</evaluationMessage>
                  </expectation>
              </instructionResult>
            <instructionResult>
        <instruction>{id='decisionTable_1_74', instruction='call', instanceName='decisionTable_1', methodName='posY', args=[]}</instruction>
        <slimResult>pass(2)</slimResult>
                <expectation>
                    <status>pass</status>
                    <instructionId>decisionTable_1_74</instructionId>
                    <col>5</col>
                              <row>10</row>
                    <type>ReturnedValueExpectation</type>
                                        <evaluationMessage>2</evaluationMessage>
                  </expectation>
              </instructionResult>
            <instructionResult>
        <instruction>{id='decisionTable_1_76', instruction='call', instanceName='decisionTable_1', methodName='setPlayerX', args=[3]}</instruction>
        <slimResult></slimResult>
                <expectation>
                    <instructionId>decisionTable_1_76</instructionId>
                    <col>0</col>
                              <row>11</row>
                    <type>VoidReturnExpectation</type>
                                      </expectation>
              </instructionResult>
            <instructionResult>
        <instruction>{id='decisionTable_1_77', instruction='call', instanceName='decisionTable_1', methodName='setPlayerY', args=[1]}</instruction>
        <slimResult></slimResult>
                <expectation>
                    <instructionId>decisionTable_1_77</instructionId>
                    <col>1</col>
                              <row>11</row>
                    <type>VoidReturnExpectation</type>
                                      </expectation>
              </instructionResult>
            <instructionResult>
        <instruction>{id='decisionTable_1_78', instruction='call', instanceName='decisionTable_1', methodName='setDirection', args=[E]}</instruction>
        <slimResult></slimResult>
                <expectation>
                    <instructionId>decisionTable_1_78</instructionId>
                    <col>2</col>
                              <row>11</row>
                    <type>VoidReturnExpectation</type>
                                      </expectation>
              </instructionResult>
            <instructionResult>
        <instruction>{id='decisionTable_1_80', instruction='call', instanceName='decisionTable_1', methodName='errorMessageResult', args=[]}</instruction>
        <slimResult>fail(a=You can not go East from here.;e="You cannot go East from here")</slimResult>
                <expectation>
                    <status>fail</status>
                    <instructionId>decisionTable_1_80</instructionId>
                    <col>3</col>
                              <row>11</row>
                    <type>ReturnedValueExpectation</type>
                    <actual>You can not go East from here.</actual>
                              <expected>"You cannot go East from here"</expected>
                            </expectation>
              </instructionResult>
            <instructionResult>
        <instruction>{id='decisionTable_1_81', instruction='call', instanceName='decisionTable_1', methodName='posX', args=[]}</instruction>
        <slimResult>pass(3)</slimResult>
                <expectation>
                    <status>pass</status>
                    <instructionId>decisionTable_1_81</instructionId>
                    <col>4</col>
                              <row>11</row>
                    <type>ReturnedValueExpectation</type>
                                        <evaluationMessage>3</evaluationMessage>
                  </expectation>
              </instructionResult>
            <instructionResult>
        <instruction>{id='decisionTable_1_82', instruction='call', instanceName='decisionTable_1', methodName='posY', args=[]}</instruction>
        <slimResult>pass(1)</slimResult>
                <expectation>
                    <status>pass</status>
                    <instructionId>decisionTable_1_82</instructionId>
                    <col>5</col>
                              <row>11</row>
                    <type>ReturnedValueExpectation</type>
                                        <evaluationMessage>1</evaluationMessage>
                  </expectation>
              </instructionResult>
            <instructionResult>
        <instruction>{id='decisionTable_1_84', instruction='call', instanceName='decisionTable_1', methodName='setPlayerX', args=[3]}</instruction>
        <slimResult></slimResult>
                <expectation>
                    <instructionId>decisionTable_1_84</instructionId>
                    <col>0</col>
                              <row>12</row>
                    <type>VoidReturnExpectation</type>
                                      </expectation>
              </instructionResult>
            <instructionResult>
        <instruction>{id='decisionTable_1_85', instruction='call', instanceName='decisionTable_1', methodName='setPlayerY', args=[1]}</instruction>
        <slimResult></slimResult>
                <expectation>
                    <instructionId>decisionTable_1_85</instructionId>
                    <col>1</col>
                              <row>12</row>
                    <type>VoidReturnExpectation</type>
                                      </expectation>
              </instructionResult>
            <instructionResult>
        <instruction>{id='decisionTable_1_86', instruction='call', instanceName='decisionTable_1', methodName='setDirection', args=[S]}</instruction>
        <slimResult></slimResult>
                <expectation>
                    <instructionId>decisionTable_1_86</instructionId>
                    <col>2</col>
                              <row>12</row>
                    <type>VoidReturnExpectation</type>
                                      </expectation>
              </instructionResult>
            <instructionResult>
        <instruction>{id='decisionTable_1_88', instruction='call', instanceName='decisionTable_1', methodName='errorMessageResult', args=[]}</instruction>
        <slimResult>fail(a=You can not go East from here.;e="You cannot go South from here")</slimResult>
                <expectation>
                    <status>fail</status>
                    <instructionId>decisionTable_1_88</instructionId>
                    <col>3</col>
                              <row>12</row>
                    <type>ReturnedValueExpectation</type>
                    <actual>You can not go East from here.</actual>
                              <expected>"You cannot go South from here"</expected>
                            </expectation>
              </instructionResult>
            <instructionResult>
        <instruction>{id='decisionTable_1_89', instruction='call', instanceName='decisionTable_1', methodName='posX', args=[]}</instruction>
        <slimResult>pass(3)</slimResult>
                <expectation>
                    <status>pass</status>
                    <instructionId>decisionTable_1_89</instructionId>
                    <col>4</col>
                              <row>12</row>
                    <type>ReturnedValueExpectation</type>
                                        <evaluationMessage>3</evaluationMessage>
                  </expectation>
              </instructionResult>
            <instructionResult>
        <instruction>{id='decisionTable_1_90', instruction='call', instanceName='decisionTable_1', methodName='posY', args=[]}</instruction>
        <slimResult>pass(1)</slimResult>
                <expectation>
                    <status>pass</status>
                    <instructionId>decisionTable_1_90</instructionId>
                    <col>5</col>
                              <row>12</row>
                    <type>ReturnedValueExpectation</type>
                                        <evaluationMessage>1</evaluationMessage>
                  </expectation>
              </instructionResult>
            <instructionResult>
        <instruction>{id='decisionTable_1_92', instruction='call', instanceName='decisionTable_1', methodName='setPlayerX', args=[2]}</instruction>
        <slimResult></slimResult>
                <expectation>
                    <instructionId>decisionTable_1_92</instructionId>
                    <col>0</col>
                              <row>13</row>
                    <type>VoidReturnExpectation</type>
                                      </expectation>
              </instructionResult>
            <instructionResult>
        <instruction>{id='decisionTable_1_93', instruction='call', instanceName='decisionTable_1', methodName='setPlayerY', args=[1]}</instruction>
        <slimResult></slimResult>
                <expectation>
                    <instructionId>decisionTable_1_93</instructionId>
                    <col>1</col>
                              <row>13</row>
                    <type>VoidReturnExpectation</type>
                                      </expectation>
              </instructionResult>
            <instructionResult>
        <instruction>{id='decisionTable_1_94', instruction='call', instanceName='decisionTable_1', methodName='setDirection', args=[S]}</instruction>
        <slimResult></slimResult>
                <expectation>
                    <instructionId>decisionTable_1_94</instructionId>
                    <col>2</col>
                              <row>13</row>
                    <type>VoidReturnExpectation</type>
                                      </expectation>
              </instructionResult>
            <instructionResult>
        <instruction>{id='decisionTable_1_96', instruction='call', instanceName='decisionTable_1', methodName='errorMessageResult', args=[]}</instruction>
        <slimResult>fail(a=You can not go South from here.;e="You cannot go South from here")</slimResult>
                <expectation>
                    <status>fail</status>
                    <instructionId>decisionTable_1_96</instructionId>
                    <col>3</col>
                              <row>13</row>
                    <type>ReturnedValueExpectation</type>
                    <actual>You can not go South from here.</actual>
                              <expected>"You cannot go South from here"</expected>
                            </expectation>
              </instructionResult>
            <instructionResult>
        <instruction>{id='decisionTable_1_97', instruction='call', instanceName='decisionTable_1', methodName='posX', args=[]}</instruction>
        <slimResult>pass(2)</slimResult>
                <expectation>
                    <status>pass</status>
                    <instructionId>decisionTable_1_97</instructionId>
                    <col>4</col>
                              <row>13</row>
                    <type>ReturnedValueExpectation</type>
                                        <evaluationMessage>2</evaluationMessage>
                  </expectation>
              </instructionResult>
            <instructionResult>
        <instruction>{id='decisionTable_1_98', instruction='call', instanceName='decisionTable_1', methodName='posY', args=[]}</instruction>
        <slimResult>pass(1)</slimResult>
                <expectation>
                    <status>pass</status>
                    <instructionId>decisionTable_1_98</instructionId>
                    <col>5</col>
                              <row>13</row>
                    <type>ReturnedValueExpectation</type>
                                        <evaluationMessage>1</evaluationMessage>
                  </expectation>
              </instructionResult>
          </instructions>
      </result>
  <executionLog>
    <testSystem>slim:fitnesse.slim.SlimService</testSystem>
    <command>java -cp /Users/arthurphidd/Desktop/fitnesse-standalone.jar:/Users/arthurphidd/Desktop/Web Development/WumpusHunter2-TheReckoning/bin fitnesse.slim.SlimService 1</command>
    <exitCode>0</exitCode>
    <stdOut></stdOut>
    <stdErr></stdErr>
  </executionLog>
  <finalCounts>
    <right>0</right>
    <wrong>1</wrong>
    <ignores>0</ignores>
    <exceptions>0</exceptions>
  </finalCounts>
  <totalRunTimeInMillis>555</totalRunTimeInMillis>
</testResults>

