<?xml version="1.0"?>
<suiteResults>
  <FitNesseVersion>v20180127</FitNesseVersion>
  <rootPath>WumpusMovement</rootPath>
  <pageHistoryReference>
    <name>WumpusMovement.RandomMovement</name>
    <date>2018-02-08T09:28:01+00:00</date>
    <pageHistoryLink>WumpusMovement.RandomMovement?pageHistory&amp;resultDate=20180208092801</pageHistoryLink>
    <counts>
      <right>0</right>
      <wrong>0</wrong>
      <ignores>0</ignores>
      <exceptions>31</exceptions>
    </counts>
    <runTimeInMillis>342</runTimeInMillis>
  </pageHistoryReference>
  <executionLog>
    <testSystem>slim:fitnesse.slim.SlimService</testSystem>
    <command>java -cp C:\Users\R\Desktop\fitnesse-standalone.jar;C:\Users\R\Documents\UncleBob\wumpus-hunter-master\wumpus-hunter-master\ fitnesse.slim.SlimService 1</command>
    <exitCode>0</exitCode>
    <stdOut></stdOut>
    <stdErr></stdErr>
  </executionLog>
  <finalCounts>
    <right>0</right>
    <wrong>0</wrong>
    <ignores>0</ignores>
    <exceptions>1</exceptions>
  </finalCounts>
  <totalRunTimeInMillis>1315</totalRunTimeInMillis>
</suiteResults>

