<?xml version="1.0"?>
<testResults>
  <FitNesseVersion>v20180127</FitNesseVersion>
  <rootPath>PlayerMovement.CentralMovement</rootPath>
    <result>
    <counts>
      <right>0</right>
      <wrong>0</wrong>
      <ignores>0</ignores>
      <exceptions>1</exceptions>
    </counts>
    <date>2018-02-06T16:09:36+00:00</date>
    <runTimeInMillis>4</runTimeInMillis>
    <content>&lt;br/&gt;&amp;lt;test page&amp;gt;&lt;br/&gt;&lt;br/&gt;&lt;table&gt;
	&lt;tr&gt;
		&lt;td class="error"&gt;X&lt;hr/&gt; &lt;span class="fit_label"&gt;Could not find fixture: X.&lt;/span&gt;&lt;/td&gt;
		&lt;td&gt;Y&lt;/td&gt;
		&lt;td&gt;Direction&lt;/td&gt;
		&lt;td&gt;Result?&lt;/td&gt;
	&lt;/tr&gt;
	&lt;tr&gt;
		&lt;td&gt;1&lt;/td&gt;
		&lt;td&gt;1&lt;/td&gt;
		&lt;td&gt;N&lt;/td&gt;
		&lt;td&gt;1,2&lt;/td&gt;
	&lt;/tr&gt;
	&lt;tr&gt;
		&lt;td&gt;1&lt;/td&gt;
		&lt;td&gt;2&lt;/td&gt;
		&lt;td&gt;S&lt;/td&gt;
		&lt;td&gt;1,1&lt;/td&gt;
	&lt;/tr&gt;
	&lt;tr&gt;
		&lt;td&gt;1&lt;/td&gt;
		&lt;td&gt;1&lt;/td&gt;
		&lt;td&gt;E&lt;/td&gt;
		&lt;td&gt;2,1&lt;/td&gt;
	&lt;/tr&gt;
	&lt;tr&gt;
		&lt;td&gt;2&lt;/td&gt;
		&lt;td&gt;1&lt;/td&gt;
		&lt;td&gt;W&lt;/td&gt;
		&lt;td&gt;1,1&lt;/td&gt;
	&lt;/tr&gt;
	&lt;tr&gt;
		&lt;td&gt;1&lt;/td&gt;
		&lt;td&gt;1&lt;/td&gt;
		&lt;td&gt;S&lt;/td&gt;
		&lt;td&gt;1,0&lt;/td&gt;
	&lt;/tr&gt;
	&lt;tr&gt;
		&lt;td&gt;1&lt;/td&gt;
		&lt;td&gt;0&lt;/td&gt;
		&lt;td&gt;N&lt;/td&gt;
		&lt;td&gt;1,1&lt;/td&gt;
	&lt;/tr&gt;
	&lt;tr&gt;
		&lt;td&gt;1&lt;/td&gt;
		&lt;td&gt;1&lt;/td&gt;
		&lt;td&gt;W&lt;/td&gt;
		&lt;td&gt;0,1&lt;/td&gt;
	&lt;/tr&gt;
	&lt;tr&gt;
		&lt;td&gt;0&lt;/td&gt;
		&lt;td&gt;1&lt;/td&gt;
		&lt;td&gt;E&lt;/td&gt;
		&lt;td&gt;1,1&lt;/td&gt;
	&lt;/tr&gt;
&lt;/table&gt;
</content>
    <relativePageName>CentralMovement</relativePageName>
          </result>
  <finalCounts>
    <right>0</right>
    <wrong>0</wrong>
    <ignores>0</ignores>
    <exceptions>1</exceptions>
  </finalCounts>
  <totalRunTimeInMillis>4</totalRunTimeInMillis>
</testResults>

