<?xml version="1.0"?>
<testResults>
  <FitNesseVersion>v20180127</FitNesseVersion>
  <rootPath>CavernAttributes.HasArrow</rootPath>
    <result>
    <counts>
      <right>0</right>
      <wrong>0</wrong>
      <ignores>0</ignores>
      <exceptions>1</exceptions>
    </counts>
    <date>2018-02-08T05:44:34-05:00</date>
    <runTimeInMillis>4</runTimeInMillis>
    <content>&lt;br/&gt;&amp;lt;test page&amp;gt;&lt;br/&gt;&lt;br/&gt;&lt;table&gt;
	&lt;tr&gt;
		&lt;td class="error"&gt;x&lt;hr/&gt; &lt;span class="fit_label"&gt;Could not find fixture: X.&lt;/span&gt;&lt;/td&gt;
		&lt;td&gt;y&lt;/td&gt;
		&lt;td&gt;Has Arrow?&lt;/td&gt;
	&lt;/tr&gt;
	&lt;tr&gt;
		&lt;td&gt;0&lt;/td&gt;
		&lt;td&gt;0&lt;/td&gt;
		&lt;td&gt;False&lt;/td&gt;
	&lt;/tr&gt;
	&lt;tr&gt;
		&lt;td&gt;1&lt;/td&gt;
		&lt;td&gt;0&lt;/td&gt;
		&lt;td&gt;False&lt;/td&gt;
	&lt;/tr&gt;
	&lt;tr&gt;
		&lt;td&gt;2&lt;/td&gt;
		&lt;td&gt;0&lt;/td&gt;
		&lt;td&gt;False&lt;/td&gt;
	&lt;/tr&gt;
	&lt;tr&gt;
		&lt;td&gt;2&lt;/td&gt;
		&lt;td&gt;2&lt;/td&gt;
		&lt;td&gt;False&lt;/td&gt;
	&lt;/tr&gt;
	&lt;tr&gt;
		&lt;td&gt;1&lt;/td&gt;
		&lt;td&gt;1&lt;/td&gt;
		&lt;td&gt;False&lt;/td&gt;
	&lt;/tr&gt;
	&lt;tr&gt;
		&lt;td&gt;0&lt;/td&gt;
		&lt;td&gt;1&lt;/td&gt;
		&lt;td&gt;False&lt;/td&gt;
	&lt;/tr&gt;
	&lt;tr&gt;
		&lt;td&gt;0&lt;/td&gt;
		&lt;td&gt;2&lt;/td&gt;
		&lt;td&gt;False&lt;/td&gt;
	&lt;/tr&gt;
	&lt;tr&gt;
		&lt;td&gt;1&lt;/td&gt;
		&lt;td&gt;2&lt;/td&gt;
		&lt;td&gt;False&lt;/td&gt;
	&lt;/tr&gt;
	&lt;tr&gt;
		&lt;td&gt;2&lt;/td&gt;
		&lt;td&gt;2&lt;/td&gt;
		&lt;td&gt;False&lt;/td&gt;
	&lt;/tr&gt;
&lt;/table&gt;
</content>
    <relativePageName>HasArrow</relativePageName>
          </result>
  <executionLog>
    <testSystem>fit:fit.FitServer</testSystem>
    <command>java -cp /Users/arthurphidd/Desktop/fitnesse-standalone.jar fit.FitServer Arthurs-MacBook-Pro-2.local 65331 3863</command>
    <exitCode>1</exitCode>
    <stdOut></stdOut>
    <stdErr></stdErr>
  </executionLog>
  <finalCounts>
    <right>0</right>
    <wrong>0</wrong>
    <ignores>0</ignores>
    <exceptions>1</exceptions>
  </finalCounts>
  <totalRunTimeInMillis>837</totalRunTimeInMillis>
</testResults>

