<?xml version="1.0"?>
<testResults>
  <FitNesseVersion>v20180127</FitNesseVersion>
  <rootPath>CavernAttributes.HasWumpus</rootPath>
    <result>
    <counts>
      <right>0</right>
      <wrong>0</wrong>
      <ignores>0</ignores>
      <exceptions>1</exceptions>
    </counts>
    <date>2018-02-08T05:56:18-05:00</date>
    <runTimeInMillis>4</runTimeInMillis>
    <content>&lt;br/&gt;&amp;lt;test page&amp;gt;&lt;br/&gt;&lt;br/&gt;&lt;table&gt;
	&lt;tr&gt;
		&lt;td colspan="4"&gt;Does the cavern have a Wumpus? &lt;span class="error"&gt;&lt;strong&gt; Does the cavern have a Wumpus?: Bad table! Table has 4 header columns, but row 2 only has 3 columns.&lt;/strong&gt;&lt;/span&gt;&lt;/td&gt;
	&lt;/tr&gt;
	&lt;tr&gt;
		&lt;td&gt;cavernX&lt;/td&gt;
		&lt;td&gt;cavernY&lt;/td&gt;
		&lt;td&gt;direction&lt;/td&gt;
		&lt;td&gt;cavernHasWumpus?&lt;/td&gt;
	&lt;/tr&gt;
	&lt;tr&gt;
		&lt;td&gt;1&lt;/td&gt;
		&lt;td&gt;1&lt;/td&gt;
		&lt;td colspan="2"&gt;false&lt;/td&gt;
	&lt;/tr&gt;
	&lt;tr&gt;
		&lt;td&gt;1&lt;/td&gt;
		&lt;td&gt;2&lt;/td&gt;
		&lt;td colspan="2"&gt;false&lt;/td&gt;
	&lt;/tr&gt;
	&lt;tr&gt;
		&lt;td&gt;1&lt;/td&gt;
		&lt;td&gt;3&lt;/td&gt;
		&lt;td colspan="2"&gt;false&lt;/td&gt;
	&lt;/tr&gt;
	&lt;tr&gt;
		&lt;td&gt;2&lt;/td&gt;
		&lt;td&gt;1&lt;/td&gt;
		&lt;td colspan="2"&gt;false&lt;/td&gt;
	&lt;/tr&gt;
	&lt;tr&gt;
		&lt;td&gt;2&lt;/td&gt;
		&lt;td&gt;2&lt;/td&gt;
		&lt;td colspan="2"&gt;true&lt;/td&gt;
	&lt;/tr&gt;
	&lt;tr&gt;
		&lt;td&gt;2&lt;/td&gt;
		&lt;td&gt;3&lt;/td&gt;
		&lt;td colspan="2"&gt;false&lt;/td&gt;
	&lt;/tr&gt;
	&lt;tr&gt;
		&lt;td&gt;3&lt;/td&gt;
		&lt;td&gt;1&lt;/td&gt;
		&lt;td colspan="2"&gt;false&lt;/td&gt;
	&lt;/tr&gt;
	&lt;tr&gt;
		&lt;td&gt;3&lt;/td&gt;
		&lt;td&gt;2&lt;/td&gt;
		&lt;td colspan="2"&gt;false&lt;/td&gt;
	&lt;/tr&gt;
	&lt;tr&gt;
		&lt;td&gt;3&lt;/td&gt;
		&lt;td&gt;3&lt;/td&gt;
		&lt;td colspan="2"&gt;false&lt;/td&gt;
	&lt;/tr&gt;
&lt;/table&gt;
</content>
    <relativePageName>HasWumpus</relativePageName>
          </result>
  <executionLog>
    <testSystem>slim:fitnesse.slim.SlimService</testSystem>
    <command>java -cp /Users/arthurphidd/Desktop/fitnesse-standalone.jar:/Users/arthurphidd/Desktop/Web Development/WumpusHunter2-TheReckoning/bin fitnesse.slim.SlimService 1</command>
    <exitCode>0</exitCode>
    <stdOut></stdOut>
    <stdErr></stdErr>
  </executionLog>
  <finalCounts>
    <right>0</right>
    <wrong>0</wrong>
    <ignores>0</ignores>
    <exceptions>1</exceptions>
  </finalCounts>
  <totalRunTimeInMillis>1063</totalRunTimeInMillis>
</testResults>

