<?xml version="1.0"?>
<testResults>
  <FitNesseVersion>v20180127</FitNesseVersion>
  <rootPath>PlayerMovement.AntiClockwiseMovement</rootPath>
    <result>
    <counts>
      <right>10</right>
      <wrong>2</wrong>
      <ignores>0</ignores>
      <exceptions>4</exceptions>
    </counts>
    <date>2018-02-07T10:41:25-05:00</date>
    <runTimeInMillis>215</runTimeInMillis>
    <content>&lt;br/&gt;&amp;lt;test page&amp;gt;&lt;br/&gt;&lt;br/&gt;&lt;br/&gt;&lt;table&gt;
	&lt;tr class="slimRowTitle"&gt;
		&lt;td&gt;import&lt;/td&gt;
	&lt;/tr&gt;
	&lt;tr class="slimRowColor0"&gt;
		&lt;td&gt;&lt;span class="pass"&gt;fixtures&lt;/span&gt;&lt;/td&gt;
	&lt;/tr&gt;
&lt;/table&gt;
&lt;br/&gt;&lt;table&gt;
	&lt;tr&gt;
		&lt;td colspan="5"&gt;&lt;span class="pass"&gt;PlayerMovement&lt;/span&gt;&lt;/td&gt;
	&lt;/tr&gt;
	&lt;tr&gt;
		&lt;td&gt;playerX&lt;/td&gt;
		&lt;td&gt;playerY&lt;/td&gt;
		&lt;td&gt;direction&lt;/td&gt;
		&lt;td&gt;posX?&lt;/td&gt;
		&lt;td&gt;posY?&lt;/td&gt;
	&lt;/tr&gt;
	&lt;tr&gt;
		&lt;td&gt;1&lt;/td&gt;
		&lt;td&gt;1&lt;/td&gt;
		&lt;td&gt;E&lt;/td&gt;
		&lt;td&gt;&lt;span class="pass"&gt;2&lt;/span&gt;&lt;/td&gt;
		&lt;td&gt;&lt;span class="pass"&gt;1&lt;/span&gt;&lt;/td&gt;
	&lt;/tr&gt;
	&lt;tr class="exception closed"&gt;
		&lt;td class="error"&gt;2&lt;/td&gt;
		&lt;td class="error"&gt;1&lt;/td&gt;
		&lt;td class="error"&gt;E&lt;/td&gt;
		&lt;td class="error"&gt;&lt;span class="pass"&gt;3&lt;/span&gt;&lt;/td&gt;
		&lt;td class="error"&gt;1&lt;/td&gt;
	&lt;/tr&gt;&lt;tr class="exception-detail closed-detail"&gt;&lt;td colspan="5"&gt;&lt;pre&gt;__EXCEPTION__:java.lang.RuntimeException: You can not go East from here.
	at main.WumpusMap.movePlayer(WumpusMap.java:137) [file:/Users/arthurphidd/Desktop/Web%20Development/WumpusHunter2-TheReckoning/bin/]
	at fixtures.PlayerMovement.posY(PlayerMovement.java:34) [file:/Users/arthurphidd/Desktop/Web%20Development/WumpusHunter2-TheReckoning/bin/]
	at sun.reflect.NativeMethodAccessorImpl.invoke0(Native Method) [rt.jar:1.8.0_131]
	at sun.reflect.NativeMethodAccessorImpl.invoke(NativeMethodAccessorImpl.java:62) [rt.jar:1.8.0_131]
	at sun.reflect.DelegatingMethodAccessorImpl.invoke(DelegatingMethodAccessorImpl.java:43) [rt.jar:1.8.0_131]
	at java.lang.reflect.Method.invoke(Method.java:498) [rt.jar:1.8.0_131]
	at fitnesse.slim.fixtureInteraction.DefaultInteraction.methodInvoke(DefaultInteraction.java:221) [fitnesse-standalone.jar:20180127]
	at fitnesse.slim.fixtureInteraction.DefaultInteraction.callMethod(DefaultInteraction.java:206) [fitnesse-standalone.jar:20180127]
	at fitnesse.slim.fixtureInteraction.DefaultInteraction.invokeMethod(DefaultInteraction.java:188) [fitnesse-standalone.jar:20180127]
	at fitnesse.slim.fixtureInteraction.DefaultInteraction.findAndInvoke(DefaultInteraction.java:166) [fitnesse-standalone.jar:20180127]
	at fitnesse.slim.MethodExecutor.findAndInvoke(MethodExecutor.java:18) [fitnesse-standalone.jar:20180127]
	at fitnesse.slim.FixtureMethodExecutor.execute(FixtureMethodExecutor.java:18) [fitnesse-standalone.jar:20180127]
	at fitnesse.slim.StatementExecutor.getMethodExecutionResult(StatementExecutor.java:139) [fitnesse-standalone.jar:20180127]
	at fitnesse.slim.StatementExecutor.call(StatementExecutor.java:112) [fitnesse-standalone.jar:20180127]
	at fitnesse.slim.instructions.CallInstruction.executeInternal(CallInstruction.java:35) [fitnesse-standalone.jar:20180127]
	at fitnesse.slim.instructions.Instruction.execute(Instruction.java:29) [fitnesse-standalone.jar:20180127]
	at fitnesse.slim.ListExecutor$Executive.executeStatement(ListExecutor.java:49) [fitnesse-standalone.jar:20180127]
	at fitnesse.slim.ListExecutor$Executive.executeStatements(ListExecutor.java:43) [fitnesse-standalone.jar:20180127]
	at fitnesse.slim.ListExecutor.execute(ListExecutor.java:85) [fitnesse-standalone.jar:20180127]
	at fitnesse.slim.SlimServer.executeInstructions(SlimServer.java:82) [fitnesse-standalone.jar:20180127]
	at fitnesse.slim.SlimServer.processOneSetOfInstructions(SlimServer.java:75) [fitnesse-standalone.jar:20180127]
	at fitnesse.slim.SlimServer.tryProcessInstructions(SlimServer.java:62) [fitnesse-standalone.jar:20180127]
	at fitnesse.slim.SlimServer.serve(SlimServer.java:47) [fitnesse-standalone.jar:20180127]
	at fitnesse.slim.SlimService.handle(SlimService.java:169) [fitnesse-standalone.jar:20180127]
	at fitnesse.slim.SlimService.acceptOne(SlimService.java:177) [fitnesse-standalone.jar:20180127]
	at fitnesse.slim.SlimService.accept(SlimService.java:139) [fitnesse-standalone.jar:20180127]
	at fitnesse.slim.SlimService.startWithFactory(SlimService.java:92) [fitnesse-standalone.jar:20180127]
	at fitnesse.slim.SlimService.main(SlimService.java:57) [fitnesse-standalone.jar:20180127]&lt;/pre&gt;&lt;/td&gt;&lt;/tr&gt;
	&lt;tr&gt;
		&lt;td&gt;3&lt;/td&gt;
		&lt;td&gt;1&lt;/td&gt;
		&lt;td&gt;N&lt;/td&gt;
		&lt;td&gt;&lt;span class="pass"&gt;3&lt;/span&gt;&lt;/td&gt;
		&lt;td&gt;[&lt;span class="diff"&gt;3&lt;/span&gt;] &lt;span class="fail"&gt;expected [&lt;/span&gt;&lt;span class="diff"&gt;2&lt;/span&gt;&lt;span class="fail"&gt;]&lt;/span&gt;&lt;/td&gt;
	&lt;/tr&gt;
	&lt;tr class="exception closed"&gt;
		&lt;td class="error"&gt;3&lt;/td&gt;
		&lt;td class="error"&gt;2&lt;/td&gt;
		&lt;td class="error"&gt;N&lt;/td&gt;
		&lt;td class="error"&gt;&lt;span class="pass"&gt;3&lt;/span&gt;&lt;/td&gt;
		&lt;td class="error"&gt;3&lt;/td&gt;
	&lt;/tr&gt;&lt;tr class="exception-detail closed-detail"&gt;&lt;td colspan="5"&gt;&lt;pre&gt;__EXCEPTION__:java.lang.RuntimeException: You can not go North from here.
	at main.WumpusMap.movePlayer(WumpusMap.java:149) [file:/Users/arthurphidd/Desktop/Web%20Development/WumpusHunter2-TheReckoning/bin/]
	at fixtures.PlayerMovement.posY(PlayerMovement.java:34) [file:/Users/arthurphidd/Desktop/Web%20Development/WumpusHunter2-TheReckoning/bin/]
	at sun.reflect.NativeMethodAccessorImpl.invoke0(Native Method) [rt.jar:1.8.0_131]
	at sun.reflect.NativeMethodAccessorImpl.invoke(NativeMethodAccessorImpl.java:62) [rt.jar:1.8.0_131]
	at sun.reflect.DelegatingMethodAccessorImpl.invoke(DelegatingMethodAccessorImpl.java:43) [rt.jar:1.8.0_131]
	at java.lang.reflect.Method.invoke(Method.java:498) [rt.jar:1.8.0_131]
	at fitnesse.slim.fixtureInteraction.DefaultInteraction.methodInvoke(DefaultInteraction.java:221) [fitnesse-standalone.jar:20180127]
	at fitnesse.slim.fixtureInteraction.DefaultInteraction.callMethod(DefaultInteraction.java:206) [fitnesse-standalone.jar:20180127]
	at fitnesse.slim.fixtureInteraction.DefaultInteraction.invokeMethod(DefaultInteraction.java:188) [fitnesse-standalone.jar:20180127]
	at fitnesse.slim.fixtureInteraction.DefaultInteraction.findAndInvoke(DefaultInteraction.java:166) [fitnesse-standalone.jar:20180127]
	at fitnesse.slim.MethodExecutor.findAndInvoke(MethodExecutor.java:18) [fitnesse-standalone.jar:20180127]
	at fitnesse.slim.FixtureMethodExecutor.execute(FixtureMethodExecutor.java:18) [fitnesse-standalone.jar:20180127]
	at fitnesse.slim.StatementExecutor.getMethodExecutionResult(StatementExecutor.java:139) [fitnesse-standalone.jar:20180127]
	at fitnesse.slim.StatementExecutor.call(StatementExecutor.java:112) [fitnesse-standalone.jar:20180127]
	at fitnesse.slim.instructions.CallInstruction.executeInternal(CallInstruction.java:35) [fitnesse-standalone.jar:20180127]
	at fitnesse.slim.instructions.Instruction.execute(Instruction.java:29) [fitnesse-standalone.jar:20180127]
	at fitnesse.slim.ListExecutor$Executive.executeStatement(ListExecutor.java:49) [fitnesse-standalone.jar:20180127]
	at fitnesse.slim.ListExecutor$Executive.executeStatements(ListExecutor.java:43) [fitnesse-standalone.jar:20180127]
	at fitnesse.slim.ListExecutor.execute(ListExecutor.java:85) [fitnesse-standalone.jar:20180127]
	at fitnesse.slim.SlimServer.executeInstructions(SlimServer.java:82) [fitnesse-standalone.jar:20180127]
	at fitnesse.slim.SlimServer.processOneSetOfInstructions(SlimServer.java:75) [fitnesse-standalone.jar:20180127]
	at fitnesse.slim.SlimServer.tryProcessInstructions(SlimServer.java:62) [fitnesse-standalone.jar:20180127]
	at fitnesse.slim.SlimServer.serve(SlimServer.java:47) [fitnesse-standalone.jar:20180127]
	at fitnesse.slim.SlimService.handle(SlimService.java:169) [fitnesse-standalone.jar:20180127]
	at fitnesse.slim.SlimService.acceptOne(SlimService.java:177) [fitnesse-standalone.jar:20180127]
	at fitnesse.slim.SlimService.accept(SlimService.java:139) [fitnesse-standalone.jar:20180127]
	at fitnesse.slim.SlimService.startWithFactory(SlimService.java:92) [fitnesse-standalone.jar:20180127]
	at fitnesse.slim.SlimService.main(SlimService.java:57) [fitnesse-standalone.jar:20180127]&lt;/pre&gt;&lt;/td&gt;&lt;/tr&gt;
	&lt;tr&gt;
		&lt;td&gt;3&lt;/td&gt;
		&lt;td&gt;3&lt;/td&gt;
		&lt;td&gt;W&lt;/td&gt;
		&lt;td&gt;&lt;span class="pass"&gt;2&lt;/span&gt;&lt;/td&gt;
		&lt;td&gt;&lt;span class="pass"&gt;3&lt;/span&gt;&lt;/td&gt;
	&lt;/tr&gt;
	&lt;tr class="exception closed"&gt;
		&lt;td class="error"&gt;2&lt;/td&gt;
		&lt;td class="error"&gt;3&lt;/td&gt;
		&lt;td class="error"&gt;W&lt;/td&gt;
		&lt;td class="error"&gt;&lt;span class="pass"&gt;1&lt;/span&gt;&lt;/td&gt;
		&lt;td class="error"&gt;3&lt;/td&gt;
	&lt;/tr&gt;&lt;tr class="exception-detail closed-detail"&gt;&lt;td colspan="5"&gt;&lt;pre&gt;__EXCEPTION__:java.lang.RuntimeException: You can not go West from here.
	at main.WumpusMap.movePlayer(WumpusMap.java:143) [file:/Users/arthurphidd/Desktop/Web%20Development/WumpusHunter2-TheReckoning/bin/]
	at fixtures.PlayerMovement.posY(PlayerMovement.java:34) [file:/Users/arthurphidd/Desktop/Web%20Development/WumpusHunter2-TheReckoning/bin/]
	at sun.reflect.NativeMethodAccessorImpl.invoke0(Native Method) [rt.jar:1.8.0_131]
	at sun.reflect.NativeMethodAccessorImpl.invoke(NativeMethodAccessorImpl.java:62) [rt.jar:1.8.0_131]
	at sun.reflect.DelegatingMethodAccessorImpl.invoke(DelegatingMethodAccessorImpl.java:43) [rt.jar:1.8.0_131]
	at java.lang.reflect.Method.invoke(Method.java:498) [rt.jar:1.8.0_131]
	at fitnesse.slim.fixtureInteraction.DefaultInteraction.methodInvoke(DefaultInteraction.java:221) [fitnesse-standalone.jar:20180127]
	at fitnesse.slim.fixtureInteraction.DefaultInteraction.callMethod(DefaultInteraction.java:206) [fitnesse-standalone.jar:20180127]
	at fitnesse.slim.fixtureInteraction.DefaultInteraction.invokeMethod(DefaultInteraction.java:188) [fitnesse-standalone.jar:20180127]
	at fitnesse.slim.fixtureInteraction.DefaultInteraction.findAndInvoke(DefaultInteraction.java:166) [fitnesse-standalone.jar:20180127]
	at fitnesse.slim.MethodExecutor.findAndInvoke(MethodExecutor.java:18) [fitnesse-standalone.jar:20180127]
	at fitnesse.slim.FixtureMethodExecutor.execute(FixtureMethodExecutor.java:18) [fitnesse-standalone.jar:20180127]
	at fitnesse.slim.StatementExecutor.getMethodExecutionResult(StatementExecutor.java:139) [fitnesse-standalone.jar:20180127]
	at fitnesse.slim.StatementExecutor.call(StatementExecutor.java:112) [fitnesse-standalone.jar:20180127]
	at fitnesse.slim.instructions.CallInstruction.executeInternal(CallInstruction.java:35) [fitnesse-standalone.jar:20180127]
	at fitnesse.slim.instructions.Instruction.execute(Instruction.java:29) [fitnesse-standalone.jar:20180127]
	at fitnesse.slim.ListExecutor$Executive.executeStatement(ListExecutor.java:49) [fitnesse-standalone.jar:20180127]
	at fitnesse.slim.ListExecutor$Executive.executeStatements(ListExecutor.java:43) [fitnesse-standalone.jar:20180127]
	at fitnesse.slim.ListExecutor.execute(ListExecutor.java:85) [fitnesse-standalone.jar:20180127]
	at fitnesse.slim.SlimServer.executeInstructions(SlimServer.java:82) [fitnesse-standalone.jar:20180127]
	at fitnesse.slim.SlimServer.processOneSetOfInstructions(SlimServer.java:75) [fitnesse-standalone.jar:20180127]
	at fitnesse.slim.SlimServer.tryProcessInstructions(SlimServer.java:62) [fitnesse-standalone.jar:20180127]
	at fitnesse.slim.SlimServer.serve(SlimServer.java:47) [fitnesse-standalone.jar:20180127]
	at fitnesse.slim.SlimService.handle(SlimService.java:169) [fitnesse-standalone.jar:20180127]
	at fitnesse.slim.SlimService.acceptOne(SlimService.java:177) [fitnesse-standalone.jar:20180127]
	at fitnesse.slim.SlimService.accept(SlimService.java:139) [fitnesse-standalone.jar:20180127]
	at fitnesse.slim.SlimService.startWithFactory(SlimService.java:92) [fitnesse-standalone.jar:20180127]
	at fitnesse.slim.SlimService.main(SlimService.java:57) [fitnesse-standalone.jar:20180127]&lt;/pre&gt;&lt;/td&gt;&lt;/tr&gt;
	&lt;tr&gt;
		&lt;td&gt;1&lt;/td&gt;
		&lt;td&gt;3&lt;/td&gt;
		&lt;td&gt;S&lt;/td&gt;
		&lt;td&gt;&lt;span class="pass"&gt;1&lt;/span&gt;&lt;/td&gt;
		&lt;td&gt;[&lt;span class="diff"&gt;1&lt;/span&gt;] &lt;span class="fail"&gt;expected [&lt;/span&gt;&lt;span class="diff"&gt;2&lt;/span&gt;&lt;span class="fail"&gt;]&lt;/span&gt;&lt;/td&gt;
	&lt;/tr&gt;
	&lt;tr class="exception closed"&gt;
		&lt;td class="error"&gt;1&lt;/td&gt;
		&lt;td class="error"&gt;2&lt;/td&gt;
		&lt;td class="error"&gt;S&lt;/td&gt;
		&lt;td class="error"&gt;&lt;span class="pass"&gt;1&lt;/span&gt;&lt;/td&gt;
		&lt;td class="error"&gt;1&lt;/td&gt;
	&lt;/tr&gt;&lt;tr class="exception-detail closed-detail"&gt;&lt;td colspan="5"&gt;&lt;pre&gt;__EXCEPTION__:java.lang.RuntimeException: You can not go South from here.
	at main.WumpusMap.movePlayer(WumpusMap.java:155) [file:/Users/arthurphidd/Desktop/Web%20Development/WumpusHunter2-TheReckoning/bin/]
	at fixtures.PlayerMovement.posY(PlayerMovement.java:34) [file:/Users/arthurphidd/Desktop/Web%20Development/WumpusHunter2-TheReckoning/bin/]
	at sun.reflect.NativeMethodAccessorImpl.invoke0(Native Method) [rt.jar:1.8.0_131]
	at sun.reflect.NativeMethodAccessorImpl.invoke(NativeMethodAccessorImpl.java:62) [rt.jar:1.8.0_131]
	at sun.reflect.DelegatingMethodAccessorImpl.invoke(DelegatingMethodAccessorImpl.java:43) [rt.jar:1.8.0_131]
	at java.lang.reflect.Method.invoke(Method.java:498) [rt.jar:1.8.0_131]
	at fitnesse.slim.fixtureInteraction.DefaultInteraction.methodInvoke(DefaultInteraction.java:221) [fitnesse-standalone.jar:20180127]
	at fitnesse.slim.fixtureInteraction.DefaultInteraction.callMethod(DefaultInteraction.java:206) [fitnesse-standalone.jar:20180127]
	at fitnesse.slim.fixtureInteraction.DefaultInteraction.invokeMethod(DefaultInteraction.java:188) [fitnesse-standalone.jar:20180127]
	at fitnesse.slim.fixtureInteraction.DefaultInteraction.findAndInvoke(DefaultInteraction.java:166) [fitnesse-standalone.jar:20180127]
	at fitnesse.slim.MethodExecutor.findAndInvoke(MethodExecutor.java:18) [fitnesse-standalone.jar:20180127]
	at fitnesse.slim.FixtureMethodExecutor.execute(FixtureMethodExecutor.java:18) [fitnesse-standalone.jar:20180127]
	at fitnesse.slim.StatementExecutor.getMethodExecutionResult(StatementExecutor.java:139) [fitnesse-standalone.jar:20180127]
	at fitnesse.slim.StatementExecutor.call(StatementExecutor.java:112) [fitnesse-standalone.jar:20180127]
	at fitnesse.slim.instructions.CallInstruction.executeInternal(CallInstruction.java:35) [fitnesse-standalone.jar:20180127]
	at fitnesse.slim.instructions.Instruction.execute(Instruction.java:29) [fitnesse-standalone.jar:20180127]
	at fitnesse.slim.ListExecutor$Executive.executeStatement(ListExecutor.java:49) [fitnesse-standalone.jar:20180127]
	at fitnesse.slim.ListExecutor$Executive.executeStatements(ListExecutor.java:43) [fitnesse-standalone.jar:20180127]
	at fitnesse.slim.ListExecutor.execute(ListExecutor.java:85) [fitnesse-standalone.jar:20180127]
	at fitnesse.slim.SlimServer.executeInstructions(SlimServer.java:82) [fitnesse-standalone.jar:20180127]
	at fitnesse.slim.SlimServer.processOneSetOfInstructions(SlimServer.java:75) [fitnesse-standalone.jar:20180127]
	at fitnesse.slim.SlimServer.tryProcessInstructions(SlimServer.java:62) [fitnesse-standalone.jar:20180127]
	at fitnesse.slim.SlimServer.serve(SlimServer.java:47) [fitnesse-standalone.jar:20180127]
	at fitnesse.slim.SlimService.handle(SlimService.java:169) [fitnesse-standalone.jar:20180127]
	at fitnesse.slim.SlimService.acceptOne(SlimService.java:177) [fitnesse-standalone.jar:20180127]
	at fitnesse.slim.SlimService.accept(SlimService.java:139) [fitnesse-standalone.jar:20180127]
	at fitnesse.slim.SlimService.startWithFactory(SlimService.java:92) [fitnesse-standalone.jar:20180127]
	at fitnesse.slim.SlimService.main(SlimService.java:57) [fitnesse-standalone.jar:20180127]&lt;/pre&gt;&lt;/td&gt;&lt;/tr&gt;
&lt;/table&gt;
</content>
    <relativePageName>AntiClockwiseMovement</relativePageName>
            <instructions>
            <instructionResult>
        <instruction>{id='import_0_0', instruction='import', path='fixtures'}</instruction>
        <slimResult>pass(fixtures)</slimResult>
                <expectation>
                    <status>pass</status>
                    <instructionId>import_0_0</instructionId>
                    <col>0</col>
                              <row>1</row>
                    <type>ImportExpectation</type>
                                        <evaluationMessage>fixtures</evaluationMessage>
                  </expectation>
              </instructionResult>
            <instructionResult>
        <instruction>{id='decisionTable_1_0', instruction='make', instanceName='decisionTable_1', className='PlayerMovement', args=[]}</instruction>
        <slimResult>pass(PlayerMovement)</slimResult>
                <expectation>
                    <status>pass</status>
                    <instructionId>decisionTable_1_0</instructionId>
                    <col>0</col>
                              <row>0</row>
                    <type>ConstructionExpectation</type>
                                        <evaluationMessage>PlayerMovement</evaluationMessage>
                  </expectation>
              </instructionResult>
            <instructionResult>
        <instruction>{id='decisionTable_1_4', instruction='call', instanceName='decisionTable_1', methodName='setPlayerX', args=[1]}</instruction>
        <slimResult></slimResult>
                <expectation>
                    <instructionId>decisionTable_1_4</instructionId>
                    <col>0</col>
                              <row>2</row>
                    <type>VoidReturnExpectation</type>
                                      </expectation>
              </instructionResult>
            <instructionResult>
        <instruction>{id='decisionTable_1_5', instruction='call', instanceName='decisionTable_1', methodName='setPlayerY', args=[1]}</instruction>
        <slimResult></slimResult>
                <expectation>
                    <instructionId>decisionTable_1_5</instructionId>
                    <col>1</col>
                              <row>2</row>
                    <type>VoidReturnExpectation</type>
                                      </expectation>
              </instructionResult>
            <instructionResult>
        <instruction>{id='decisionTable_1_6', instruction='call', instanceName='decisionTable_1', methodName='setDirection', args=[E]}</instruction>
        <slimResult></slimResult>
                <expectation>
                    <instructionId>decisionTable_1_6</instructionId>
                    <col>2</col>
                              <row>2</row>
                    <type>VoidReturnExpectation</type>
                                      </expectation>
              </instructionResult>
            <instructionResult>
        <instruction>{id='decisionTable_1_8', instruction='call', instanceName='decisionTable_1', methodName='posX', args=[]}</instruction>
        <slimResult>pass(2)</slimResult>
                <expectation>
                    <status>pass</status>
                    <instructionId>decisionTable_1_8</instructionId>
                    <col>3</col>
                              <row>2</row>
                    <type>ReturnedValueExpectation</type>
                                        <evaluationMessage>2</evaluationMessage>
                  </expectation>
              </instructionResult>
            <instructionResult>
        <instruction>{id='decisionTable_1_9', instruction='call', instanceName='decisionTable_1', methodName='posY', args=[]}</instruction>
        <slimResult>pass(1)</slimResult>
                <expectation>
                    <status>pass</status>
                    <instructionId>decisionTable_1_9</instructionId>
                    <col>4</col>
                              <row>2</row>
                    <type>ReturnedValueExpectation</type>
                                        <evaluationMessage>1</evaluationMessage>
                  </expectation>
              </instructionResult>
            <instructionResult>
        <instruction>{id='decisionTable_1_11', instruction='call', instanceName='decisionTable_1', methodName='setPlayerX', args=[2]}</instruction>
        <slimResult></slimResult>
                <expectation>
                    <instructionId>decisionTable_1_11</instructionId>
                    <col>0</col>
                              <row>3</row>
                    <type>VoidReturnExpectation</type>
                                      </expectation>
              </instructionResult>
            <instructionResult>
        <instruction>{id='decisionTable_1_12', instruction='call', instanceName='decisionTable_1', methodName='setPlayerY', args=[1]}</instruction>
        <slimResult></slimResult>
                <expectation>
                    <instructionId>decisionTable_1_12</instructionId>
                    <col>1</col>
                              <row>3</row>
                    <type>VoidReturnExpectation</type>
                                      </expectation>
              </instructionResult>
            <instructionResult>
        <instruction>{id='decisionTable_1_13', instruction='call', instanceName='decisionTable_1', methodName='setDirection', args=[E]}</instruction>
        <slimResult></slimResult>
                <expectation>
                    <instructionId>decisionTable_1_13</instructionId>
                    <col>2</col>
                              <row>3</row>
                    <type>VoidReturnExpectation</type>
                                      </expectation>
              </instructionResult>
            <instructionResult>
        <instruction>{id='decisionTable_1_15', instruction='call', instanceName='decisionTable_1', methodName='posX', args=[]}</instruction>
        <slimResult>pass(3)</slimResult>
                <expectation>
                    <status>pass</status>
                    <instructionId>decisionTable_1_15</instructionId>
                    <col>3</col>
                              <row>3</row>
                    <type>ReturnedValueExpectation</type>
                                        <evaluationMessage>3</evaluationMessage>
                  </expectation>
              </instructionResult>
            <instructionResult>
        <instruction>{id='decisionTable_1_16', instruction='call', instanceName='decisionTable_1', methodName='posY', args=[]}</instruction>
        <slimResult></slimResult>
                <expectation>
                    <status>error</status>
                    <instructionId>decisionTable_1_16</instructionId>
                              <type>ReturnedValueExpectation</type>
                                      </expectation>
              </instructionResult>
            <instructionResult>
        <instruction>{id='decisionTable_1_18', instruction='call', instanceName='decisionTable_1', methodName='setPlayerX', args=[3]}</instruction>
        <slimResult></slimResult>
                <expectation>
                    <instructionId>decisionTable_1_18</instructionId>
                    <col>0</col>
                              <row>4</row>
                    <type>VoidReturnExpectation</type>
                                      </expectation>
              </instructionResult>
            <instructionResult>
        <instruction>{id='decisionTable_1_19', instruction='call', instanceName='decisionTable_1', methodName='setPlayerY', args=[1]}</instruction>
        <slimResult></slimResult>
                <expectation>
                    <instructionId>decisionTable_1_19</instructionId>
                    <col>1</col>
                              <row>4</row>
                    <type>VoidReturnExpectation</type>
                                      </expectation>
              </instructionResult>
            <instructionResult>
        <instruction>{id='decisionTable_1_20', instruction='call', instanceName='decisionTable_1', methodName='setDirection', args=[N]}</instruction>
        <slimResult></slimResult>
                <expectation>
                    <instructionId>decisionTable_1_20</instructionId>
                    <col>2</col>
                              <row>4</row>
                    <type>VoidReturnExpectation</type>
                                      </expectation>
              </instructionResult>
            <instructionResult>
        <instruction>{id='decisionTable_1_22', instruction='call', instanceName='decisionTable_1', methodName='posX', args=[]}</instruction>
        <slimResult>pass(3)</slimResult>
                <expectation>
                    <status>pass</status>
                    <instructionId>decisionTable_1_22</instructionId>
                    <col>3</col>
                              <row>4</row>
                    <type>ReturnedValueExpectation</type>
                                        <evaluationMessage>3</evaluationMessage>
                  </expectation>
              </instructionResult>
            <instructionResult>
        <instruction>{id='decisionTable_1_23', instruction='call', instanceName='decisionTable_1', methodName='posY', args=[]}</instruction>
        <slimResult>fail(a=3;e=2)</slimResult>
                <expectation>
                    <status>fail</status>
                    <instructionId>decisionTable_1_23</instructionId>
                    <col>4</col>
                              <row>4</row>
                    <type>ReturnedValueExpectation</type>
                    <actual>3</actual>
                              <expected>2</expected>
                            </expectation>
              </instructionResult>
            <instructionResult>
        <instruction>{id='decisionTable_1_25', instruction='call', instanceName='decisionTable_1', methodName='setPlayerX', args=[3]}</instruction>
        <slimResult></slimResult>
                <expectation>
                    <instructionId>decisionTable_1_25</instructionId>
                    <col>0</col>
                              <row>5</row>
                    <type>VoidReturnExpectation</type>
                                      </expectation>
              </instructionResult>
            <instructionResult>
        <instruction>{id='decisionTable_1_26', instruction='call', instanceName='decisionTable_1', methodName='setPlayerY', args=[2]}</instruction>
        <slimResult></slimResult>
                <expectation>
                    <instructionId>decisionTable_1_26</instructionId>
                    <col>1</col>
                              <row>5</row>
                    <type>VoidReturnExpectation</type>
                                      </expectation>
              </instructionResult>
            <instructionResult>
        <instruction>{id='decisionTable_1_27', instruction='call', instanceName='decisionTable_1', methodName='setDirection', args=[N]}</instruction>
        <slimResult></slimResult>
                <expectation>
                    <instructionId>decisionTable_1_27</instructionId>
                    <col>2</col>
                              <row>5</row>
                    <type>VoidReturnExpectation</type>
                                      </expectation>
              </instructionResult>
            <instructionResult>
        <instruction>{id='decisionTable_1_29', instruction='call', instanceName='decisionTable_1', methodName='posX', args=[]}</instruction>
        <slimResult>pass(3)</slimResult>
                <expectation>
                    <status>pass</status>
                    <instructionId>decisionTable_1_29</instructionId>
                    <col>3</col>
                              <row>5</row>
                    <type>ReturnedValueExpectation</type>
                                        <evaluationMessage>3</evaluationMessage>
                  </expectation>
              </instructionResult>
            <instructionResult>
        <instruction>{id='decisionTable_1_30', instruction='call', instanceName='decisionTable_1', methodName='posY', args=[]}</instruction>
        <slimResult></slimResult>
                <expectation>
                    <status>error</status>
                    <instructionId>decisionTable_1_30</instructionId>
                              <type>ReturnedValueExpectation</type>
                                      </expectation>
              </instructionResult>
            <instructionResult>
        <instruction>{id='decisionTable_1_32', instruction='call', instanceName='decisionTable_1', methodName='setPlayerX', args=[3]}</instruction>
        <slimResult></slimResult>
                <expectation>
                    <instructionId>decisionTable_1_32</instructionId>
                    <col>0</col>
                              <row>6</row>
                    <type>VoidReturnExpectation</type>
                                      </expectation>
              </instructionResult>
            <instructionResult>
        <instruction>{id='decisionTable_1_33', instruction='call', instanceName='decisionTable_1', methodName='setPlayerY', args=[3]}</instruction>
        <slimResult></slimResult>
                <expectation>
                    <instructionId>decisionTable_1_33</instructionId>
                    <col>1</col>
                              <row>6</row>
                    <type>VoidReturnExpectation</type>
                                      </expectation>
              </instructionResult>
            <instructionResult>
        <instruction>{id='decisionTable_1_34', instruction='call', instanceName='decisionTable_1', methodName='setDirection', args=[W]}</instruction>
        <slimResult></slimResult>
                <expectation>
                    <instructionId>decisionTable_1_34</instructionId>
                    <col>2</col>
                              <row>6</row>
                    <type>VoidReturnExpectation</type>
                                      </expectation>
              </instructionResult>
            <instructionResult>
        <instruction>{id='decisionTable_1_36', instruction='call', instanceName='decisionTable_1', methodName='posX', args=[]}</instruction>
        <slimResult>pass(2)</slimResult>
                <expectation>
                    <status>pass</status>
                    <instructionId>decisionTable_1_36</instructionId>
                    <col>3</col>
                              <row>6</row>
                    <type>ReturnedValueExpectation</type>
                                        <evaluationMessage>2</evaluationMessage>
                  </expectation>
              </instructionResult>
            <instructionResult>
        <instruction>{id='decisionTable_1_37', instruction='call', instanceName='decisionTable_1', methodName='posY', args=[]}</instruction>
        <slimResult>pass(3)</slimResult>
                <expectation>
                    <status>pass</status>
                    <instructionId>decisionTable_1_37</instructionId>
                    <col>4</col>
                              <row>6</row>
                    <type>ReturnedValueExpectation</type>
                                        <evaluationMessage>3</evaluationMessage>
                  </expectation>
              </instructionResult>
            <instructionResult>
        <instruction>{id='decisionTable_1_39', instruction='call', instanceName='decisionTable_1', methodName='setPlayerX', args=[2]}</instruction>
        <slimResult></slimResult>
                <expectation>
                    <instructionId>decisionTable_1_39</instructionId>
                    <col>0</col>
                              <row>7</row>
                    <type>VoidReturnExpectation</type>
                                      </expectation>
              </instructionResult>
            <instructionResult>
        <instruction>{id='decisionTable_1_40', instruction='call', instanceName='decisionTable_1', methodName='setPlayerY', args=[3]}</instruction>
        <slimResult></slimResult>
                <expectation>
                    <instructionId>decisionTable_1_40</instructionId>
                    <col>1</col>
                              <row>7</row>
                    <type>VoidReturnExpectation</type>
                                      </expectation>
              </instructionResult>
            <instructionResult>
        <instruction>{id='decisionTable_1_41', instruction='call', instanceName='decisionTable_1', methodName='setDirection', args=[W]}</instruction>
        <slimResult></slimResult>
                <expectation>
                    <instructionId>decisionTable_1_41</instructionId>
                    <col>2</col>
                              <row>7</row>
                    <type>VoidReturnExpectation</type>
                                      </expectation>
              </instructionResult>
            <instructionResult>
        <instruction>{id='decisionTable_1_43', instruction='call', instanceName='decisionTable_1', methodName='posX', args=[]}</instruction>
        <slimResult>pass(1)</slimResult>
                <expectation>
                    <status>pass</status>
                    <instructionId>decisionTable_1_43</instructionId>
                    <col>3</col>
                              <row>7</row>
                    <type>ReturnedValueExpectation</type>
                                        <evaluationMessage>1</evaluationMessage>
                  </expectation>
              </instructionResult>
            <instructionResult>
        <instruction>{id='decisionTable_1_44', instruction='call', instanceName='decisionTable_1', methodName='posY', args=[]}</instruction>
        <slimResult></slimResult>
                <expectation>
                    <status>error</status>
                    <instructionId>decisionTable_1_44</instructionId>
                              <type>ReturnedValueExpectation</type>
                                      </expectation>
              </instructionResult>
            <instructionResult>
        <instruction>{id='decisionTable_1_46', instruction='call', instanceName='decisionTable_1', methodName='setPlayerX', args=[1]}</instruction>
        <slimResult></slimResult>
                <expectation>
                    <instructionId>decisionTable_1_46</instructionId>
                    <col>0</col>
                              <row>8</row>
                    <type>VoidReturnExpectation</type>
                                      </expectation>
              </instructionResult>
            <instructionResult>
        <instruction>{id='decisionTable_1_47', instruction='call', instanceName='decisionTable_1', methodName='setPlayerY', args=[3]}</instruction>
        <slimResult></slimResult>
                <expectation>
                    <instructionId>decisionTable_1_47</instructionId>
                    <col>1</col>
                              <row>8</row>
                    <type>VoidReturnExpectation</type>
                                      </expectation>
              </instructionResult>
            <instructionResult>
        <instruction>{id='decisionTable_1_48', instruction='call', instanceName='decisionTable_1', methodName='setDirection', args=[S]}</instruction>
        <slimResult></slimResult>
                <expectation>
                    <instructionId>decisionTable_1_48</instructionId>
                    <col>2</col>
                              <row>8</row>
                    <type>VoidReturnExpectation</type>
                                      </expectation>
              </instructionResult>
            <instructionResult>
        <instruction>{id='decisionTable_1_50', instruction='call', instanceName='decisionTable_1', methodName='posX', args=[]}</instruction>
        <slimResult>pass(1)</slimResult>
                <expectation>
                    <status>pass</status>
                    <instructionId>decisionTable_1_50</instructionId>
                    <col>3</col>
                              <row>8</row>
                    <type>ReturnedValueExpectation</type>
                                        <evaluationMessage>1</evaluationMessage>
                  </expectation>
              </instructionResult>
            <instructionResult>
        <instruction>{id='decisionTable_1_51', instruction='call', instanceName='decisionTable_1', methodName='posY', args=[]}</instruction>
        <slimResult>fail(a=1;e=2)</slimResult>
                <expectation>
                    <status>fail</status>
                    <instructionId>decisionTable_1_51</instructionId>
                    <col>4</col>
                              <row>8</row>
                    <type>ReturnedValueExpectation</type>
                    <actual>1</actual>
                              <expected>2</expected>
                            </expectation>
              </instructionResult>
            <instructionResult>
        <instruction>{id='decisionTable_1_53', instruction='call', instanceName='decisionTable_1', methodName='setPlayerX', args=[1]}</instruction>
        <slimResult></slimResult>
                <expectation>
                    <instructionId>decisionTable_1_53</instructionId>
                    <col>0</col>
                              <row>9</row>
                    <type>VoidReturnExpectation</type>
                                      </expectation>
              </instructionResult>
            <instructionResult>
        <instruction>{id='decisionTable_1_54', instruction='call', instanceName='decisionTable_1', methodName='setPlayerY', args=[2]}</instruction>
        <slimResult></slimResult>
                <expectation>
                    <instructionId>decisionTable_1_54</instructionId>
                    <col>1</col>
                              <row>9</row>
                    <type>VoidReturnExpectation</type>
                                      </expectation>
              </instructionResult>
            <instructionResult>
        <instruction>{id='decisionTable_1_55', instruction='call', instanceName='decisionTable_1', methodName='setDirection', args=[S]}</instruction>
        <slimResult></slimResult>
                <expectation>
                    <instructionId>decisionTable_1_55</instructionId>
                    <col>2</col>
                              <row>9</row>
                    <type>VoidReturnExpectation</type>
                                      </expectation>
              </instructionResult>
            <instructionResult>
        <instruction>{id='decisionTable_1_57', instruction='call', instanceName='decisionTable_1', methodName='posX', args=[]}</instruction>
        <slimResult>pass(1)</slimResult>
                <expectation>
                    <status>pass</status>
                    <instructionId>decisionTable_1_57</instructionId>
                    <col>3</col>
                              <row>9</row>
                    <type>ReturnedValueExpectation</type>
                                        <evaluationMessage>1</evaluationMessage>
                  </expectation>
              </instructionResult>
            <instructionResult>
        <instruction>{id='decisionTable_1_58', instruction='call', instanceName='decisionTable_1', methodName='posY', args=[]}</instruction>
        <slimResult></slimResult>
                <expectation>
                    <status>error</status>
                    <instructionId>decisionTable_1_58</instructionId>
                              <type>ReturnedValueExpectation</type>
                                      </expectation>
              </instructionResult>
          </instructions>
      </result>
  <executionLog>
    <testSystem>slim:fitnesse.slim.SlimService</testSystem>
    <command>java -cp /Users/arthurphidd/Desktop/fitnesse-standalone.jar:/Users/arthurphidd/Desktop/Web Development/WumpusHunter2-TheReckoning/bin fitnesse.slim.SlimService 1</command>
    <exitCode>0</exitCode>
    <stdOut></stdOut>
    <stdErr></stdErr>
  </executionLog>
  <finalCounts>
    <right>0</right>
    <wrong>1</wrong>
    <ignores>0</ignores>
    <exceptions>0</exceptions>
  </finalCounts>
  <totalRunTimeInMillis>564</totalRunTimeInMillis>
</testResults>

