<?xml version="1.0"?>
<testResults>
  <FitNesseVersion>v20180127</FitNesseVersion>
  <rootPath>PlayerMovement.RestMovement</rootPath>
    <result>
    <counts>
      <right>0</right>
      <wrong>0</wrong>
      <ignores>0</ignores>
      <exceptions>41</exceptions>
    </counts>
    <date>2018-02-07T11:15:54-05:00</date>
    <runTimeInMillis>204</runTimeInMillis>
    <content>&lt;br/&gt;&amp;lt;test page&amp;gt;&lt;br/&gt;&lt;br/&gt;&lt;br/&gt;&lt;br/&gt;&lt;br/&gt;&lt;table&gt;
	&lt;tr class="slimRowTitle"&gt;
		&lt;td&gt;import&lt;/td&gt;
	&lt;/tr&gt;
	&lt;tr class="slimRowColor0"&gt;
		&lt;td&gt;&lt;span class="pass"&gt;fixtures&lt;/span&gt;&lt;/td&gt;
	&lt;/tr&gt;
&lt;/table&gt;
&lt;br/&gt;&lt;table&gt;
	&lt;tr&gt;
		&lt;td colspan="5"&gt;PlayerRest &lt;span class="error"&gt;Could not invoke constructor for PlayerRest[0]&lt;/span&gt;&lt;/td&gt;
	&lt;/tr&gt;
	&lt;tr&gt;
		&lt;td&gt;playerX&lt;/td&gt;
		&lt;td&gt;playerY&lt;/td&gt;
		&lt;td&gt;direction&lt;/td&gt;
		&lt;td&gt;posX?&lt;/td&gt;
		&lt;td&gt;posY?&lt;/td&gt;
	&lt;/tr&gt;
	&lt;tr&gt;
		&lt;td&gt;1 &lt;span class="error"&gt;The instance decisionTable_1.setPlayerX. does not exist&lt;/span&gt;&lt;/td&gt;
		&lt;td&gt;1 &lt;span class="error"&gt;The instance decisionTable_1.setPlayerY. does not exist&lt;/span&gt;&lt;/td&gt;
		&lt;td&gt;R &lt;span class="error"&gt;The instance decisionTable_1.setDirection. does not exist&lt;/span&gt;&lt;/td&gt;
		&lt;td&gt;1 &lt;span class="error"&gt;The instance decisionTable_1.posX. does not exist&lt;/span&gt;&lt;/td&gt;
		&lt;td&gt;1 &lt;span class="error"&gt;The instance decisionTable_1.posY. does not exist&lt;/span&gt;&lt;/td&gt;
	&lt;/tr&gt;
	&lt;tr&gt;
		&lt;td&gt;1 &lt;span class="error"&gt;The instance decisionTable_1.setPlayerX. does not exist&lt;/span&gt;&lt;/td&gt;
		&lt;td&gt;2 &lt;span class="error"&gt;The instance decisionTable_1.setPlayerY. does not exist&lt;/span&gt;&lt;/td&gt;
		&lt;td&gt;R &lt;span class="error"&gt;The instance decisionTable_1.setDirection. does not exist&lt;/span&gt;&lt;/td&gt;
		&lt;td&gt;1 &lt;span class="error"&gt;The instance decisionTable_1.posX. does not exist&lt;/span&gt;&lt;/td&gt;
		&lt;td&gt;2 &lt;span class="error"&gt;The instance decisionTable_1.posY. does not exist&lt;/span&gt;&lt;/td&gt;
	&lt;/tr&gt;
	&lt;tr&gt;
		&lt;td&gt;1 &lt;span class="error"&gt;The instance decisionTable_1.setPlayerX. does not exist&lt;/span&gt;&lt;/td&gt;
		&lt;td&gt;3 &lt;span class="error"&gt;The instance decisionTable_1.setPlayerY. does not exist&lt;/span&gt;&lt;/td&gt;
		&lt;td&gt;R &lt;span class="error"&gt;The instance decisionTable_1.setDirection. does not exist&lt;/span&gt;&lt;/td&gt;
		&lt;td&gt;1 &lt;span class="error"&gt;The instance decisionTable_1.posX. does not exist&lt;/span&gt;&lt;/td&gt;
		&lt;td&gt;3 &lt;span class="error"&gt;The instance decisionTable_1.posY. does not exist&lt;/span&gt;&lt;/td&gt;
	&lt;/tr&gt;
	&lt;tr&gt;
		&lt;td&gt;2 &lt;span class="error"&gt;The instance decisionTable_1.setPlayerX. does not exist&lt;/span&gt;&lt;/td&gt;
		&lt;td&gt;3 &lt;span class="error"&gt;The instance decisionTable_1.setPlayerY. does not exist&lt;/span&gt;&lt;/td&gt;
		&lt;td&gt;R &lt;span class="error"&gt;The instance decisionTable_1.setDirection. does not exist&lt;/span&gt;&lt;/td&gt;
		&lt;td&gt;2 &lt;span class="error"&gt;The instance decisionTable_1.posX. does not exist&lt;/span&gt;&lt;/td&gt;
		&lt;td&gt;3 &lt;span class="error"&gt;The instance decisionTable_1.posY. does not exist&lt;/span&gt;&lt;/td&gt;
	&lt;/tr&gt;
	&lt;tr&gt;
		&lt;td&gt;3 &lt;span class="error"&gt;The instance decisionTable_1.setPlayerX. does not exist&lt;/span&gt;&lt;/td&gt;
		&lt;td&gt;3 &lt;span class="error"&gt;The instance decisionTable_1.setPlayerY. does not exist&lt;/span&gt;&lt;/td&gt;
		&lt;td&gt;R &lt;span class="error"&gt;The instance decisionTable_1.setDirection. does not exist&lt;/span&gt;&lt;/td&gt;
		&lt;td&gt;3 &lt;span class="error"&gt;The instance decisionTable_1.posX. does not exist&lt;/span&gt;&lt;/td&gt;
		&lt;td&gt;3 &lt;span class="error"&gt;The instance decisionTable_1.posY. does not exist&lt;/span&gt;&lt;/td&gt;
	&lt;/tr&gt;
	&lt;tr&gt;
		&lt;td&gt;3 &lt;span class="error"&gt;The instance decisionTable_1.setPlayerX. does not exist&lt;/span&gt;&lt;/td&gt;
		&lt;td&gt;2 &lt;span class="error"&gt;The instance decisionTable_1.setPlayerY. does not exist&lt;/span&gt;&lt;/td&gt;
		&lt;td&gt;R &lt;span class="error"&gt;The instance decisionTable_1.setDirection. does not exist&lt;/span&gt;&lt;/td&gt;
		&lt;td&gt;3 &lt;span class="error"&gt;The instance decisionTable_1.posX. does not exist&lt;/span&gt;&lt;/td&gt;
		&lt;td&gt;2 &lt;span class="error"&gt;The instance decisionTable_1.posY. does not exist&lt;/span&gt;&lt;/td&gt;
	&lt;/tr&gt;
	&lt;tr&gt;
		&lt;td&gt;3 &lt;span class="error"&gt;The instance decisionTable_1.setPlayerX. does not exist&lt;/span&gt;&lt;/td&gt;
		&lt;td&gt;1 &lt;span class="error"&gt;The instance decisionTable_1.setPlayerY. does not exist&lt;/span&gt;&lt;/td&gt;
		&lt;td&gt;R &lt;span class="error"&gt;The instance decisionTable_1.setDirection. does not exist&lt;/span&gt;&lt;/td&gt;
		&lt;td&gt;3 &lt;span class="error"&gt;The instance decisionTable_1.posX. does not exist&lt;/span&gt;&lt;/td&gt;
		&lt;td&gt;1 &lt;span class="error"&gt;The instance decisionTable_1.posY. does not exist&lt;/span&gt;&lt;/td&gt;
	&lt;/tr&gt;
	&lt;tr&gt;
		&lt;td&gt;2 &lt;span class="error"&gt;The instance decisionTable_1.setPlayerX. does not exist&lt;/span&gt;&lt;/td&gt;
		&lt;td&gt;1 &lt;span class="error"&gt;The instance decisionTable_1.setPlayerY. does not exist&lt;/span&gt;&lt;/td&gt;
		&lt;td&gt;R &lt;span class="error"&gt;The instance decisionTable_1.setDirection. does not exist&lt;/span&gt;&lt;/td&gt;
		&lt;td&gt;2 &lt;span class="error"&gt;The instance decisionTable_1.posX. does not exist&lt;/span&gt;&lt;/td&gt;
		&lt;td&gt;1 &lt;span class="error"&gt;The instance decisionTable_1.posY. does not exist&lt;/span&gt;&lt;/td&gt;
	&lt;/tr&gt;
&lt;/table&gt;
&lt;br/&gt;</content>
    <relativePageName>RestMovement</relativePageName>
            <instructions>
            <instructionResult>
        <instruction>{id='import_0_0', instruction='import', path='fixtures'}</instruction>
        <slimResult>pass(fixtures)</slimResult>
                <expectation>
                    <status>pass</status>
                    <instructionId>import_0_0</instructionId>
                    <col>0</col>
                              <row>1</row>
                    <type>ImportExpectation</type>
                                        <evaluationMessage>fixtures</evaluationMessage>
                  </expectation>
              </instructionResult>
            <instructionResult>
        <instruction>{id='decisionTable_1_0', instruction='make', instanceName='decisionTable_1', className='PlayerRest', args=[]}</instruction>
        <slimResult></slimResult>
                <expectation>
                    <status>error</status>
                    <instructionId>decisionTable_1_0</instructionId>
                              <type>ConstructionExpectation</type>
                                        <evaluationMessage>Could not invoke constructor for PlayerRest[0]</evaluationMessage>
                  </expectation>
              </instructionResult>
            <instructionResult>
        <instruction>{id='decisionTable_1_4', instruction='call', instanceName='decisionTable_1', methodName='setPlayerX', args=[1]}</instruction>
        <slimResult></slimResult>
                <expectation>
                    <status>error</status>
                    <instructionId>decisionTable_1_4</instructionId>
                              <type>VoidReturnExpectation</type>
                                        <evaluationMessage>The instance decisionTable_1.setPlayerX. does not exist</evaluationMessage>
                  </expectation>
              </instructionResult>
            <instructionResult>
        <instruction>{id='decisionTable_1_5', instruction='call', instanceName='decisionTable_1', methodName='setPlayerY', args=[1]}</instruction>
        <slimResult></slimResult>
                <expectation>
                    <status>error</status>
                    <instructionId>decisionTable_1_5</instructionId>
                              <type>VoidReturnExpectation</type>
                                        <evaluationMessage>The instance decisionTable_1.setPlayerY. does not exist</evaluationMessage>
                  </expectation>
              </instructionResult>
            <instructionResult>
        <instruction>{id='decisionTable_1_6', instruction='call', instanceName='decisionTable_1', methodName='setDirection', args=[R]}</instruction>
        <slimResult></slimResult>
                <expectation>
                    <status>error</status>
                    <instructionId>decisionTable_1_6</instructionId>
                              <type>VoidReturnExpectation</type>
                                        <evaluationMessage>The instance decisionTable_1.setDirection. does not exist</evaluationMessage>
                  </expectation>
              </instructionResult>
            <instructionResult>
        <instruction>{id='decisionTable_1_8', instruction='call', instanceName='decisionTable_1', methodName='posX', args=[]}</instruction>
        <slimResult></slimResult>
                <expectation>
                    <status>error</status>
                    <instructionId>decisionTable_1_8</instructionId>
                              <type>ReturnedValueExpectation</type>
                                        <evaluationMessage>The instance decisionTable_1.posX. does not exist</evaluationMessage>
                  </expectation>
              </instructionResult>
            <instructionResult>
        <instruction>{id='decisionTable_1_9', instruction='call', instanceName='decisionTable_1', methodName='posY', args=[]}</instruction>
        <slimResult></slimResult>
                <expectation>
                    <status>error</status>
                    <instructionId>decisionTable_1_9</instructionId>
                              <type>ReturnedValueExpectation</type>
                                        <evaluationMessage>The instance decisionTable_1.posY. does not exist</evaluationMessage>
                  </expectation>
              </instructionResult>
            <instructionResult>
        <instruction>{id='decisionTable_1_11', instruction='call', instanceName='decisionTable_1', methodName='setPlayerX', args=[1]}</instruction>
        <slimResult></slimResult>
                <expectation>
                    <status>error</status>
                    <instructionId>decisionTable_1_11</instructionId>
                              <type>VoidReturnExpectation</type>
                                        <evaluationMessage>The instance decisionTable_1.setPlayerX. does not exist</evaluationMessage>
                  </expectation>
              </instructionResult>
            <instructionResult>
        <instruction>{id='decisionTable_1_12', instruction='call', instanceName='decisionTable_1', methodName='setPlayerY', args=[2]}</instruction>
        <slimResult></slimResult>
                <expectation>
                    <status>error</status>
                    <instructionId>decisionTable_1_12</instructionId>
                              <type>VoidReturnExpectation</type>
                                        <evaluationMessage>The instance decisionTable_1.setPlayerY. does not exist</evaluationMessage>
                  </expectation>
              </instructionResult>
            <instructionResult>
        <instruction>{id='decisionTable_1_13', instruction='call', instanceName='decisionTable_1', methodName='setDirection', args=[R]}</instruction>
        <slimResult></slimResult>
                <expectation>
                    <status>error</status>
                    <instructionId>decisionTable_1_13</instructionId>
                              <type>VoidReturnExpectation</type>
                                        <evaluationMessage>The instance decisionTable_1.setDirection. does not exist</evaluationMessage>
                  </expectation>
              </instructionResult>
            <instructionResult>
        <instruction>{id='decisionTable_1_15', instruction='call', instanceName='decisionTable_1', methodName='posX', args=[]}</instruction>
        <slimResult></slimResult>
                <expectation>
                    <status>error</status>
                    <instructionId>decisionTable_1_15</instructionId>
                              <type>ReturnedValueExpectation</type>
                                        <evaluationMessage>The instance decisionTable_1.posX. does not exist</evaluationMessage>
                  </expectation>
              </instructionResult>
            <instructionResult>
        <instruction>{id='decisionTable_1_16', instruction='call', instanceName='decisionTable_1', methodName='posY', args=[]}</instruction>
        <slimResult></slimResult>
                <expectation>
                    <status>error</status>
                    <instructionId>decisionTable_1_16</instructionId>
                              <type>ReturnedValueExpectation</type>
                                        <evaluationMessage>The instance decisionTable_1.posY. does not exist</evaluationMessage>
                  </expectation>
              </instructionResult>
            <instructionResult>
        <instruction>{id='decisionTable_1_18', instruction='call', instanceName='decisionTable_1', methodName='setPlayerX', args=[1]}</instruction>
        <slimResult></slimResult>
                <expectation>
                    <status>error</status>
                    <instructionId>decisionTable_1_18</instructionId>
                              <type>VoidReturnExpectation</type>
                                        <evaluationMessage>The instance decisionTable_1.setPlayerX. does not exist</evaluationMessage>
                  </expectation>
              </instructionResult>
            <instructionResult>
        <instruction>{id='decisionTable_1_19', instruction='call', instanceName='decisionTable_1', methodName='setPlayerY', args=[3]}</instruction>
        <slimResult></slimResult>
                <expectation>
                    <status>error</status>
                    <instructionId>decisionTable_1_19</instructionId>
                              <type>VoidReturnExpectation</type>
                                        <evaluationMessage>The instance decisionTable_1.setPlayerY. does not exist</evaluationMessage>
                  </expectation>
              </instructionResult>
            <instructionResult>
        <instruction>{id='decisionTable_1_20', instruction='call', instanceName='decisionTable_1', methodName='setDirection', args=[R]}</instruction>
        <slimResult></slimResult>
                <expectation>
                    <status>error</status>
                    <instructionId>decisionTable_1_20</instructionId>
                              <type>VoidReturnExpectation</type>
                                        <evaluationMessage>The instance decisionTable_1.setDirection. does not exist</evaluationMessage>
                  </expectation>
              </instructionResult>
            <instructionResult>
        <instruction>{id='decisionTable_1_22', instruction='call', instanceName='decisionTable_1', methodName='posX', args=[]}</instruction>
        <slimResult></slimResult>
                <expectation>
                    <status>error</status>
                    <instructionId>decisionTable_1_22</instructionId>
                              <type>ReturnedValueExpectation</type>
                                        <evaluationMessage>The instance decisionTable_1.posX. does not exist</evaluationMessage>
                  </expectation>
              </instructionResult>
            <instructionResult>
        <instruction>{id='decisionTable_1_23', instruction='call', instanceName='decisionTable_1', methodName='posY', args=[]}</instruction>
        <slimResult></slimResult>
                <expectation>
                    <status>error</status>
                    <instructionId>decisionTable_1_23</instructionId>
                              <type>ReturnedValueExpectation</type>
                                        <evaluationMessage>The instance decisionTable_1.posY. does not exist</evaluationMessage>
                  </expectation>
              </instructionResult>
            <instructionResult>
        <instruction>{id='decisionTable_1_25', instruction='call', instanceName='decisionTable_1', methodName='setPlayerX', args=[2]}</instruction>
        <slimResult></slimResult>
                <expectation>
                    <status>error</status>
                    <instructionId>decisionTable_1_25</instructionId>
                              <type>VoidReturnExpectation</type>
                                        <evaluationMessage>The instance decisionTable_1.setPlayerX. does not exist</evaluationMessage>
                  </expectation>
              </instructionResult>
            <instructionResult>
        <instruction>{id='decisionTable_1_26', instruction='call', instanceName='decisionTable_1', methodName='setPlayerY', args=[3]}</instruction>
        <slimResult></slimResult>
                <expectation>
                    <status>error</status>
                    <instructionId>decisionTable_1_26</instructionId>
                              <type>VoidReturnExpectation</type>
                                        <evaluationMessage>The instance decisionTable_1.setPlayerY. does not exist</evaluationMessage>
                  </expectation>
              </instructionResult>
            <instructionResult>
        <instruction>{id='decisionTable_1_27', instruction='call', instanceName='decisionTable_1', methodName='setDirection', args=[R]}</instruction>
        <slimResult></slimResult>
                <expectation>
                    <status>error</status>
                    <instructionId>decisionTable_1_27</instructionId>
                              <type>VoidReturnExpectation</type>
                                        <evaluationMessage>The instance decisionTable_1.setDirection. does not exist</evaluationMessage>
                  </expectation>
              </instructionResult>
            <instructionResult>
        <instruction>{id='decisionTable_1_29', instruction='call', instanceName='decisionTable_1', methodName='posX', args=[]}</instruction>
        <slimResult></slimResult>
                <expectation>
                    <status>error</status>
                    <instructionId>decisionTable_1_29</instructionId>
                              <type>ReturnedValueExpectation</type>
                                        <evaluationMessage>The instance decisionTable_1.posX. does not exist</evaluationMessage>
                  </expectation>
              </instructionResult>
            <instructionResult>
        <instruction>{id='decisionTable_1_30', instruction='call', instanceName='decisionTable_1', methodName='posY', args=[]}</instruction>
        <slimResult></slimResult>
                <expectation>
                    <status>error</status>
                    <instructionId>decisionTable_1_30</instructionId>
                              <type>ReturnedValueExpectation</type>
                                        <evaluationMessage>The instance decisionTable_1.posY. does not exist</evaluationMessage>
                  </expectation>
              </instructionResult>
            <instructionResult>
        <instruction>{id='decisionTable_1_32', instruction='call', instanceName='decisionTable_1', methodName='setPlayerX', args=[3]}</instruction>
        <slimResult></slimResult>
                <expectation>
                    <status>error</status>
                    <instructionId>decisionTable_1_32</instructionId>
                              <type>VoidReturnExpectation</type>
                                        <evaluationMessage>The instance decisionTable_1.setPlayerX. does not exist</evaluationMessage>
                  </expectation>
              </instructionResult>
            <instructionResult>
        <instruction>{id='decisionTable_1_33', instruction='call', instanceName='decisionTable_1', methodName='setPlayerY', args=[3]}</instruction>
        <slimResult></slimResult>
                <expectation>
                    <status>error</status>
                    <instructionId>decisionTable_1_33</instructionId>
                              <type>VoidReturnExpectation</type>
                                        <evaluationMessage>The instance decisionTable_1.setPlayerY. does not exist</evaluationMessage>
                  </expectation>
              </instructionResult>
            <instructionResult>
        <instruction>{id='decisionTable_1_34', instruction='call', instanceName='decisionTable_1', methodName='setDirection', args=[R]}</instruction>
        <slimResult></slimResult>
                <expectation>
                    <status>error</status>
                    <instructionId>decisionTable_1_34</instructionId>
                              <type>VoidReturnExpectation</type>
                                        <evaluationMessage>The instance decisionTable_1.setDirection. does not exist</evaluationMessage>
                  </expectation>
              </instructionResult>
            <instructionResult>
        <instruction>{id='decisionTable_1_36', instruction='call', instanceName='decisionTable_1', methodName='posX', args=[]}</instruction>
        <slimResult></slimResult>
                <expectation>
                    <status>error</status>
                    <instructionId>decisionTable_1_36</instructionId>
                              <type>ReturnedValueExpectation</type>
                                        <evaluationMessage>The instance decisionTable_1.posX. does not exist</evaluationMessage>
                  </expectation>
              </instructionResult>
            <instructionResult>
        <instruction>{id='decisionTable_1_37', instruction='call', instanceName='decisionTable_1', methodName='posY', args=[]}</instruction>
        <slimResult></slimResult>
                <expectation>
                    <status>error</status>
                    <instructionId>decisionTable_1_37</instructionId>
                              <type>ReturnedValueExpectation</type>
                                        <evaluationMessage>The instance decisionTable_1.posY. does not exist</evaluationMessage>
                  </expectation>
              </instructionResult>
            <instructionResult>
        <instruction>{id='decisionTable_1_39', instruction='call', instanceName='decisionTable_1', methodName='setPlayerX', args=[3]}</instruction>
        <slimResult></slimResult>
                <expectation>
                    <status>error</status>
                    <instructionId>decisionTable_1_39</instructionId>
                              <type>VoidReturnExpectation</type>
                                        <evaluationMessage>The instance decisionTable_1.setPlayerX. does not exist</evaluationMessage>
                  </expectation>
              </instructionResult>
            <instructionResult>
        <instruction>{id='decisionTable_1_40', instruction='call', instanceName='decisionTable_1', methodName='setPlayerY', args=[2]}</instruction>
        <slimResult></slimResult>
                <expectation>
                    <status>error</status>
                    <instructionId>decisionTable_1_40</instructionId>
                              <type>VoidReturnExpectation</type>
                                        <evaluationMessage>The instance decisionTable_1.setPlayerY. does not exist</evaluationMessage>
                  </expectation>
              </instructionResult>
            <instructionResult>
        <instruction>{id='decisionTable_1_41', instruction='call', instanceName='decisionTable_1', methodName='setDirection', args=[R]}</instruction>
        <slimResult></slimResult>
                <expectation>
                    <status>error</status>
                    <instructionId>decisionTable_1_41</instructionId>
                              <type>VoidReturnExpectation</type>
                                        <evaluationMessage>The instance decisionTable_1.setDirection. does not exist</evaluationMessage>
                  </expectation>
              </instructionResult>
            <instructionResult>
        <instruction>{id='decisionTable_1_43', instruction='call', instanceName='decisionTable_1', methodName='posX', args=[]}</instruction>
        <slimResult></slimResult>
                <expectation>
                    <status>error</status>
                    <instructionId>decisionTable_1_43</instructionId>
                              <type>ReturnedValueExpectation</type>
                                        <evaluationMessage>The instance decisionTable_1.posX. does not exist</evaluationMessage>
                  </expectation>
              </instructionResult>
            <instructionResult>
        <instruction>{id='decisionTable_1_44', instruction='call', instanceName='decisionTable_1', methodName='posY', args=[]}</instruction>
        <slimResult></slimResult>
                <expectation>
                    <status>error</status>
                    <instructionId>decisionTable_1_44</instructionId>
                              <type>ReturnedValueExpectation</type>
                                        <evaluationMessage>The instance decisionTable_1.posY. does not exist</evaluationMessage>
                  </expectation>
              </instructionResult>
            <instructionResult>
        <instruction>{id='decisionTable_1_46', instruction='call', instanceName='decisionTable_1', methodName='setPlayerX', args=[3]}</instruction>
        <slimResult></slimResult>
                <expectation>
                    <status>error</status>
                    <instructionId>decisionTable_1_46</instructionId>
                              <type>VoidReturnExpectation</type>
                                        <evaluationMessage>The instance decisionTable_1.setPlayerX. does not exist</evaluationMessage>
                  </expectation>
              </instructionResult>
            <instructionResult>
        <instruction>{id='decisionTable_1_47', instruction='call', instanceName='decisionTable_1', methodName='setPlayerY', args=[1]}</instruction>
        <slimResult></slimResult>
                <expectation>
                    <status>error</status>
                    <instructionId>decisionTable_1_47</instructionId>
                              <type>VoidReturnExpectation</type>
                                        <evaluationMessage>The instance decisionTable_1.setPlayerY. does not exist</evaluationMessage>
                  </expectation>
              </instructionResult>
            <instructionResult>
        <instruction>{id='decisionTable_1_48', instruction='call', instanceName='decisionTable_1', methodName='setDirection', args=[R]}</instruction>
        <slimResult></slimResult>
                <expectation>
                    <status>error</status>
                    <instructionId>decisionTable_1_48</instructionId>
                              <type>VoidReturnExpectation</type>
                                        <evaluationMessage>The instance decisionTable_1.setDirection. does not exist</evaluationMessage>
                  </expectation>
              </instructionResult>
            <instructionResult>
        <instruction>{id='decisionTable_1_50', instruction='call', instanceName='decisionTable_1', methodName='posX', args=[]}</instruction>
        <slimResult></slimResult>
                <expectation>
                    <status>error</status>
                    <instructionId>decisionTable_1_50</instructionId>
                              <type>ReturnedValueExpectation</type>
                                        <evaluationMessage>The instance decisionTable_1.posX. does not exist</evaluationMessage>
                  </expectation>
              </instructionResult>
            <instructionResult>
        <instruction>{id='decisionTable_1_51', instruction='call', instanceName='decisionTable_1', methodName='posY', args=[]}</instruction>
        <slimResult></slimResult>
                <expectation>
                    <status>error</status>
                    <instructionId>decisionTable_1_51</instructionId>
                              <type>ReturnedValueExpectation</type>
                                        <evaluationMessage>The instance decisionTable_1.posY. does not exist</evaluationMessage>
                  </expectation>
              </instructionResult>
            <instructionResult>
        <instruction>{id='decisionTable_1_53', instruction='call', instanceName='decisionTable_1', methodName='setPlayerX', args=[2]}</instruction>
        <slimResult></slimResult>
                <expectation>
                    <status>error</status>
                    <instructionId>decisionTable_1_53</instructionId>
                              <type>VoidReturnExpectation</type>
                                        <evaluationMessage>The instance decisionTable_1.setPlayerX. does not exist</evaluationMessage>
                  </expectation>
              </instructionResult>
            <instructionResult>
        <instruction>{id='decisionTable_1_54', instruction='call', instanceName='decisionTable_1', methodName='setPlayerY', args=[1]}</instruction>
        <slimResult></slimResult>
                <expectation>
                    <status>error</status>
                    <instructionId>decisionTable_1_54</instructionId>
                              <type>VoidReturnExpectation</type>
                                        <evaluationMessage>The instance decisionTable_1.setPlayerY. does not exist</evaluationMessage>
                  </expectation>
              </instructionResult>
            <instructionResult>
        <instruction>{id='decisionTable_1_55', instruction='call', instanceName='decisionTable_1', methodName='setDirection', args=[R]}</instruction>
        <slimResult></slimResult>
                <expectation>
                    <status>error</status>
                    <instructionId>decisionTable_1_55</instructionId>
                              <type>VoidReturnExpectation</type>
                                        <evaluationMessage>The instance decisionTable_1.setDirection. does not exist</evaluationMessage>
                  </expectation>
              </instructionResult>
            <instructionResult>
        <instruction>{id='decisionTable_1_57', instruction='call', instanceName='decisionTable_1', methodName='posX', args=[]}</instruction>
        <slimResult></slimResult>
                <expectation>
                    <status>error</status>
                    <instructionId>decisionTable_1_57</instructionId>
                              <type>ReturnedValueExpectation</type>
                                        <evaluationMessage>The instance decisionTable_1.posX. does not exist</evaluationMessage>
                  </expectation>
              </instructionResult>
            <instructionResult>
        <instruction>{id='decisionTable_1_58', instruction='call', instanceName='decisionTable_1', methodName='posY', args=[]}</instruction>
        <slimResult></slimResult>
                <expectation>
                    <status>error</status>
                    <instructionId>decisionTable_1_58</instructionId>
                              <type>ReturnedValueExpectation</type>
                                        <evaluationMessage>The instance decisionTable_1.posY. does not exist</evaluationMessage>
                  </expectation>
              </instructionResult>
          </instructions>
      </result>
  <executionLog>
    <testSystem>slim:fitnesse.slim.SlimService</testSystem>
    <command>java -cp /Users/arthurphidd/Desktop/fitnesse-standalone.jar:/Users/arthurphidd/Desktop/Web Development/WumpusHunter2-TheReckoning/bin fitnesse.slim.SlimService 1</command>
    <exitCode>0</exitCode>
    <stdOut></stdOut>
    <stdErr></stdErr>
  </executionLog>
  <finalCounts>
    <right>0</right>
    <wrong>0</wrong>
    <ignores>0</ignores>
    <exceptions>1</exceptions>
  </finalCounts>
  <totalRunTimeInMillis>571</totalRunTimeInMillis>
</testResults>

