<?xml version="1.0"?>
<testResults>
  <FitNesseVersion>v20180127</FitNesseVersion>
  <rootPath>CavernAttributes.HasBat</rootPath>
    <result>
    <counts>
      <right>0</right>
      <wrong>0</wrong>
      <ignores>0</ignores>
      <exceptions>28</exceptions>
    </counts>
    <date>2018-02-07T11:48:53+00:00</date>
    <runTimeInMillis>162</runTimeInMillis>
    <content>&lt;br/&gt;&amp;lt;test page&amp;gt;&lt;br/&gt;&lt;br/&gt;&lt;br/&gt;&lt;span class="meta"&gt;variable defined: TEST_SYSTEM=slim&lt;/span&gt;
&lt;br/&gt;&lt;span class="meta"&gt;classpath: C:\Users\R\Documents\UncleBob\wumpus-hunter-master\wumpus-hunter-master\cavern.class&lt;/span&gt;&lt;br/&gt;&lt;br/&gt;&lt;table&gt;
	&lt;tr class="slimRowTitle"&gt;
		&lt;td&gt;import &lt;span class="error"&gt;&lt;strong&gt; import: Bad table! Import tables must have at least two rows.&lt;/strong&gt;&lt;/span&gt;&lt;/td&gt;
	&lt;/tr&gt;
&lt;/table&gt;
&lt;table&gt;
	&lt;tr&gt;
		&lt;td&gt;main &lt;span class="error"&gt;Could not invoke constructor for main[0]&lt;/span&gt;&lt;/td&gt;
	&lt;/tr&gt;
&lt;/table&gt;
&lt;br/&gt;&lt;br/&gt;&lt;table&gt;
	&lt;tr&gt;
		&lt;td&gt;Cavern &lt;span class="error"&gt;Could not invoke constructor for Cavern[0]&lt;/span&gt;&lt;/td&gt;
	&lt;/tr&gt;
&lt;/table&gt;
&lt;br/&gt;&lt;table&gt;
	&lt;tr&gt;
		&lt;td&gt;x &lt;span class="error"&gt;Could not invoke constructor for x[2]&lt;/span&gt;&lt;/td&gt;
		&lt;td&gt;y&lt;/td&gt;
		&lt;td&gt;hasBat?&lt;/td&gt;
	&lt;/tr&gt;
	&lt;tr&gt;
		&lt;td&gt;0&lt;/td&gt;
		&lt;td&gt;0&lt;/td&gt;
		&lt;td&gt;False&lt;/td&gt;
	&lt;/tr&gt;
	&lt;tr&gt;
		&lt;td&gt;1 &lt;span class="error"&gt;The instance decisionTable_3.set0. does not exist&lt;/span&gt;&lt;/td&gt;
		&lt;td&gt;0 &lt;span class="error"&gt;The instance decisionTable_3.set0. does not exist&lt;/span&gt;&lt;/td&gt;
		&lt;td&gt;False &lt;span class="error"&gt;The instance decisionTable_3.setFalse. does not exist&lt;/span&gt;&lt;/td&gt;
	&lt;/tr&gt;
	&lt;tr&gt;
		&lt;td&gt;2 &lt;span class="error"&gt;The instance decisionTable_3.set0. does not exist&lt;/span&gt;&lt;/td&gt;
		&lt;td&gt;0 &lt;span class="error"&gt;The instance decisionTable_3.set0. does not exist&lt;/span&gt;&lt;/td&gt;
		&lt;td&gt;False &lt;span class="error"&gt;The instance decisionTable_3.setFalse. does not exist&lt;/span&gt;&lt;/td&gt;
	&lt;/tr&gt;
	&lt;tr&gt;
		&lt;td&gt;2 &lt;span class="error"&gt;The instance decisionTable_3.set0. does not exist&lt;/span&gt;&lt;/td&gt;
		&lt;td&gt;2 &lt;span class="error"&gt;The instance decisionTable_3.set0. does not exist&lt;/span&gt;&lt;/td&gt;
		&lt;td&gt;True &lt;span class="error"&gt;The instance decisionTable_3.setFalse. does not exist&lt;/span&gt;&lt;/td&gt;
	&lt;/tr&gt;
	&lt;tr&gt;
		&lt;td&gt;1 &lt;span class="error"&gt;The instance decisionTable_3.set0. does not exist&lt;/span&gt;&lt;/td&gt;
		&lt;td&gt;1 &lt;span class="error"&gt;The instance decisionTable_3.set0. does not exist&lt;/span&gt;&lt;/td&gt;
		&lt;td&gt;False &lt;span class="error"&gt;The instance decisionTable_3.setFalse. does not exist&lt;/span&gt;&lt;/td&gt;
	&lt;/tr&gt;
	&lt;tr&gt;
		&lt;td&gt;0 &lt;span class="error"&gt;The instance decisionTable_3.set0. does not exist&lt;/span&gt;&lt;/td&gt;
		&lt;td&gt;1 &lt;span class="error"&gt;The instance decisionTable_3.set0. does not exist&lt;/span&gt;&lt;/td&gt;
		&lt;td&gt;False &lt;span class="error"&gt;The instance decisionTable_3.setFalse. does not exist&lt;/span&gt;&lt;/td&gt;
	&lt;/tr&gt;
	&lt;tr&gt;
		&lt;td&gt;0 &lt;span class="error"&gt;The instance decisionTable_3.set0. does not exist&lt;/span&gt;&lt;/td&gt;
		&lt;td&gt;2 &lt;span class="error"&gt;The instance decisionTable_3.set0. does not exist&lt;/span&gt;&lt;/td&gt;
		&lt;td&gt;False &lt;span class="error"&gt;The instance decisionTable_3.setFalse. does not exist&lt;/span&gt;&lt;/td&gt;
	&lt;/tr&gt;
	&lt;tr&gt;
		&lt;td&gt;1 &lt;span class="error"&gt;The instance decisionTable_3.set0. does not exist&lt;/span&gt;&lt;/td&gt;
		&lt;td&gt;2 &lt;span class="error"&gt;The instance decisionTable_3.set0. does not exist&lt;/span&gt;&lt;/td&gt;
		&lt;td&gt;False &lt;span class="error"&gt;The instance decisionTable_3.setFalse. does not exist&lt;/span&gt;&lt;/td&gt;
	&lt;/tr&gt;
	&lt;tr&gt;
		&lt;td&gt;2 &lt;span class="error"&gt;The instance decisionTable_3.set0. does not exist&lt;/span&gt;&lt;/td&gt;
		&lt;td&gt;2 &lt;span class="error"&gt;The instance decisionTable_3.set0. does not exist&lt;/span&gt;&lt;/td&gt;
		&lt;td&gt;False &lt;span class="error"&gt;The instance decisionTable_3.setFalse. does not exist&lt;/span&gt;&lt;/td&gt;
	&lt;/tr&gt;
&lt;/table&gt;
</content>
    <relativePageName>HasBat</relativePageName>
            <instructions>
            <instructionResult>
        <instruction>{id='decisionTable_1_0', instruction='make', instanceName='decisionTable_1', className='main', args=[]}</instruction>
        <slimResult></slimResult>
                <expectation>
                    <status>error</status>
                    <instructionId>decisionTable_1_0</instructionId>
                              <type>ConstructionExpectation</type>
                                        <evaluationMessage>Could not invoke constructor for main[0]</evaluationMessage>
                  </expectation>
              </instructionResult>
            <instructionResult>
        <instruction>{id='decisionTable_2_0', instruction='make', instanceName='decisionTable_2', className='Cavern', args=[]}</instruction>
        <slimResult></slimResult>
                <expectation>
                    <status>error</status>
                    <instructionId>decisionTable_2_0</instructionId>
                              <type>ConstructionExpectation</type>
                                        <evaluationMessage>Could not invoke constructor for Cavern[0]</evaluationMessage>
                  </expectation>
              </instructionResult>
            <instructionResult>
        <instruction>{id='decisionTable_3_0', instruction='make', instanceName='decisionTable_3', className='x', args=[y, hasBat?]}</instruction>
        <slimResult></slimResult>
                <expectation>
                    <status>error</status>
                    <instructionId>decisionTable_3_0</instructionId>
                              <type>ConstructionExpectation</type>
                                        <evaluationMessage>Could not invoke constructor for x[2]</evaluationMessage>
                  </expectation>
              </instructionResult>
            <instructionResult>
        <instruction>{id='decisionTable_3_4', instruction='call', instanceName='decisionTable_3', methodName='set0', args=[1]}</instruction>
        <slimResult></slimResult>
                <expectation>
                    <status>error</status>
                    <instructionId>decisionTable_3_4</instructionId>
                              <type>VoidReturnExpectation</type>
                                        <evaluationMessage>The instance decisionTable_3.set0. does not exist</evaluationMessage>
                  </expectation>
              </instructionResult>
            <instructionResult>
        <instruction>{id='decisionTable_3_5', instruction='call', instanceName='decisionTable_3', methodName='set0', args=[0]}</instruction>
        <slimResult></slimResult>
                <expectation>
                    <status>error</status>
                    <instructionId>decisionTable_3_5</instructionId>
                              <type>VoidReturnExpectation</type>
                                        <evaluationMessage>The instance decisionTable_3.set0. does not exist</evaluationMessage>
                  </expectation>
              </instructionResult>
            <instructionResult>
        <instruction>{id='decisionTable_3_6', instruction='call', instanceName='decisionTable_3', methodName='setFalse', args=[False]}</instruction>
        <slimResult></slimResult>
                <expectation>
                    <status>error</status>
                    <instructionId>decisionTable_3_6</instructionId>
                              <type>VoidReturnExpectation</type>
                                        <evaluationMessage>The instance decisionTable_3.setFalse. does not exist</evaluationMessage>
                  </expectation>
              </instructionResult>
            <instructionResult>
        <instruction>{id='decisionTable_3_9', instruction='call', instanceName='decisionTable_3', methodName='set0', args=[2]}</instruction>
        <slimResult></slimResult>
                <expectation>
                    <status>error</status>
                    <instructionId>decisionTable_3_9</instructionId>
                              <type>VoidReturnExpectation</type>
                                        <evaluationMessage>The instance decisionTable_3.set0. does not exist</evaluationMessage>
                  </expectation>
              </instructionResult>
            <instructionResult>
        <instruction>{id='decisionTable_3_10', instruction='call', instanceName='decisionTable_3', methodName='set0', args=[0]}</instruction>
        <slimResult></slimResult>
                <expectation>
                    <status>error</status>
                    <instructionId>decisionTable_3_10</instructionId>
                              <type>VoidReturnExpectation</type>
                                        <evaluationMessage>The instance decisionTable_3.set0. does not exist</evaluationMessage>
                  </expectation>
              </instructionResult>
            <instructionResult>
        <instruction>{id='decisionTable_3_11', instruction='call', instanceName='decisionTable_3', methodName='setFalse', args=[False]}</instruction>
        <slimResult></slimResult>
                <expectation>
                    <status>error</status>
                    <instructionId>decisionTable_3_11</instructionId>
                              <type>VoidReturnExpectation</type>
                                        <evaluationMessage>The instance decisionTable_3.setFalse. does not exist</evaluationMessage>
                  </expectation>
              </instructionResult>
            <instructionResult>
        <instruction>{id='decisionTable_3_14', instruction='call', instanceName='decisionTable_3', methodName='set0', args=[2]}</instruction>
        <slimResult></slimResult>
                <expectation>
                    <status>error</status>
                    <instructionId>decisionTable_3_14</instructionId>
                              <type>VoidReturnExpectation</type>
                                        <evaluationMessage>The instance decisionTable_3.set0. does not exist</evaluationMessage>
                  </expectation>
              </instructionResult>
            <instructionResult>
        <instruction>{id='decisionTable_3_15', instruction='call', instanceName='decisionTable_3', methodName='set0', args=[2]}</instruction>
        <slimResult></slimResult>
                <expectation>
                    <status>error</status>
                    <instructionId>decisionTable_3_15</instructionId>
                              <type>VoidReturnExpectation</type>
                                        <evaluationMessage>The instance decisionTable_3.set0. does not exist</evaluationMessage>
                  </expectation>
              </instructionResult>
            <instructionResult>
        <instruction>{id='decisionTable_3_16', instruction='call', instanceName='decisionTable_3', methodName='setFalse', args=[True]}</instruction>
        <slimResult></slimResult>
                <expectation>
                    <status>error</status>
                    <instructionId>decisionTable_3_16</instructionId>
                              <type>VoidReturnExpectation</type>
                                        <evaluationMessage>The instance decisionTable_3.setFalse. does not exist</evaluationMessage>
                  </expectation>
              </instructionResult>
            <instructionResult>
        <instruction>{id='decisionTable_3_19', instruction='call', instanceName='decisionTable_3', methodName='set0', args=[1]}</instruction>
        <slimResult></slimResult>
                <expectation>
                    <status>error</status>
                    <instructionId>decisionTable_3_19</instructionId>
                              <type>VoidReturnExpectation</type>
                                        <evaluationMessage>The instance decisionTable_3.set0. does not exist</evaluationMessage>
                  </expectation>
              </instructionResult>
            <instructionResult>
        <instruction>{id='decisionTable_3_20', instruction='call', instanceName='decisionTable_3', methodName='set0', args=[1]}</instruction>
        <slimResult></slimResult>
                <expectation>
                    <status>error</status>
                    <instructionId>decisionTable_3_20</instructionId>
                              <type>VoidReturnExpectation</type>
                                        <evaluationMessage>The instance decisionTable_3.set0. does not exist</evaluationMessage>
                  </expectation>
              </instructionResult>
            <instructionResult>
        <instruction>{id='decisionTable_3_21', instruction='call', instanceName='decisionTable_3', methodName='setFalse', args=[False]}</instruction>
        <slimResult></slimResult>
                <expectation>
                    <status>error</status>
                    <instructionId>decisionTable_3_21</instructionId>
                              <type>VoidReturnExpectation</type>
                                        <evaluationMessage>The instance decisionTable_3.setFalse. does not exist</evaluationMessage>
                  </expectation>
              </instructionResult>
            <instructionResult>
        <instruction>{id='decisionTable_3_24', instruction='call', instanceName='decisionTable_3', methodName='set0', args=[0]}</instruction>
        <slimResult></slimResult>
                <expectation>
                    <status>error</status>
                    <instructionId>decisionTable_3_24</instructionId>
                              <type>VoidReturnExpectation</type>
                                        <evaluationMessage>The instance decisionTable_3.set0. does not exist</evaluationMessage>
                  </expectation>
              </instructionResult>
            <instructionResult>
        <instruction>{id='decisionTable_3_25', instruction='call', instanceName='decisionTable_3', methodName='set0', args=[1]}</instruction>
        <slimResult></slimResult>
                <expectation>
                    <status>error</status>
                    <instructionId>decisionTable_3_25</instructionId>
                              <type>VoidReturnExpectation</type>
                                        <evaluationMessage>The instance decisionTable_3.set0. does not exist</evaluationMessage>
                  </expectation>
              </instructionResult>
            <instructionResult>
        <instruction>{id='decisionTable_3_26', instruction='call', instanceName='decisionTable_3', methodName='setFalse', args=[False]}</instruction>
        <slimResult></slimResult>
                <expectation>
                    <status>error</status>
                    <instructionId>decisionTable_3_26</instructionId>
                              <type>VoidReturnExpectation</type>
                                        <evaluationMessage>The instance decisionTable_3.setFalse. does not exist</evaluationMessage>
                  </expectation>
              </instructionResult>
            <instructionResult>
        <instruction>{id='decisionTable_3_29', instruction='call', instanceName='decisionTable_3', methodName='set0', args=[0]}</instruction>
        <slimResult></slimResult>
                <expectation>
                    <status>error</status>
                    <instructionId>decisionTable_3_29</instructionId>
                              <type>VoidReturnExpectation</type>
                                        <evaluationMessage>The instance decisionTable_3.set0. does not exist</evaluationMessage>
                  </expectation>
              </instructionResult>
            <instructionResult>
        <instruction>{id='decisionTable_3_30', instruction='call', instanceName='decisionTable_3', methodName='set0', args=[2]}</instruction>
        <slimResult></slimResult>
                <expectation>
                    <status>error</status>
                    <instructionId>decisionTable_3_30</instructionId>
                              <type>VoidReturnExpectation</type>
                                        <evaluationMessage>The instance decisionTable_3.set0. does not exist</evaluationMessage>
                  </expectation>
              </instructionResult>
            <instructionResult>
        <instruction>{id='decisionTable_3_31', instruction='call', instanceName='decisionTable_3', methodName='setFalse', args=[False]}</instruction>
        <slimResult></slimResult>
                <expectation>
                    <status>error</status>
                    <instructionId>decisionTable_3_31</instructionId>
                              <type>VoidReturnExpectation</type>
                                        <evaluationMessage>The instance decisionTable_3.setFalse. does not exist</evaluationMessage>
                  </expectation>
              </instructionResult>
            <instructionResult>
        <instruction>{id='decisionTable_3_34', instruction='call', instanceName='decisionTable_3', methodName='set0', args=[1]}</instruction>
        <slimResult></slimResult>
                <expectation>
                    <status>error</status>
                    <instructionId>decisionTable_3_34</instructionId>
                              <type>VoidReturnExpectation</type>
                                        <evaluationMessage>The instance decisionTable_3.set0. does not exist</evaluationMessage>
                  </expectation>
              </instructionResult>
            <instructionResult>
        <instruction>{id='decisionTable_3_35', instruction='call', instanceName='decisionTable_3', methodName='set0', args=[2]}</instruction>
        <slimResult></slimResult>
                <expectation>
                    <status>error</status>
                    <instructionId>decisionTable_3_35</instructionId>
                              <type>VoidReturnExpectation</type>
                                        <evaluationMessage>The instance decisionTable_3.set0. does not exist</evaluationMessage>
                  </expectation>
              </instructionResult>
            <instructionResult>
        <instruction>{id='decisionTable_3_36', instruction='call', instanceName='decisionTable_3', methodName='setFalse', args=[False]}</instruction>
        <slimResult></slimResult>
                <expectation>
                    <status>error</status>
                    <instructionId>decisionTable_3_36</instructionId>
                              <type>VoidReturnExpectation</type>
                                        <evaluationMessage>The instance decisionTable_3.setFalse. does not exist</evaluationMessage>
                  </expectation>
              </instructionResult>
            <instructionResult>
        <instruction>{id='decisionTable_3_39', instruction='call', instanceName='decisionTable_3', methodName='set0', args=[2]}</instruction>
        <slimResult></slimResult>
                <expectation>
                    <status>error</status>
                    <instructionId>decisionTable_3_39</instructionId>
                              <type>VoidReturnExpectation</type>
                                        <evaluationMessage>The instance decisionTable_3.set0. does not exist</evaluationMessage>
                  </expectation>
              </instructionResult>
            <instructionResult>
        <instruction>{id='decisionTable_3_40', instruction='call', instanceName='decisionTable_3', methodName='set0', args=[2]}</instruction>
        <slimResult></slimResult>
                <expectation>
                    <status>error</status>
                    <instructionId>decisionTable_3_40</instructionId>
                              <type>VoidReturnExpectation</type>
                                        <evaluationMessage>The instance decisionTable_3.set0. does not exist</evaluationMessage>
                  </expectation>
              </instructionResult>
            <instructionResult>
        <instruction>{id='decisionTable_3_41', instruction='call', instanceName='decisionTable_3', methodName='setFalse', args=[False]}</instruction>
        <slimResult></slimResult>
                <expectation>
                    <status>error</status>
                    <instructionId>decisionTable_3_41</instructionId>
                              <type>VoidReturnExpectation</type>
                                        <evaluationMessage>The instance decisionTable_3.setFalse. does not exist</evaluationMessage>
                  </expectation>
              </instructionResult>
          </instructions>
      </result>
  <executionLog>
    <testSystem>slim:fitnesse.slim.SlimService</testSystem>
    <command>java -cp C:\Users\R\Desktop\fitnesse-standalone.jar;C:\Users\R\Documents\UncleBob\wumpus-hunter-master\wumpus-hunter-master\cavern.class fitnesse.slim.SlimService 1</command>
    <exitCode>0</exitCode>
    <stdOut></stdOut>
    <stdErr></stdErr>
  </executionLog>
  <finalCounts>
    <right>0</right>
    <wrong>0</wrong>
    <ignores>0</ignores>
    <exceptions>1</exceptions>
  </finalCounts>
  <totalRunTimeInMillis>546</totalRunTimeInMillis>
</testResults>

