<?xml version="1.0"?>
<testResults>
  <FitNesseVersion>v20180127</FitNesseVersion>
  <rootPath>CavernAttributes.HasBat</rootPath>
    <result>
    <counts>
      <right>0</right>
      <wrong>0</wrong>
      <ignores>0</ignores>
      <exceptions>29</exceptions>
    </counts>
    <date>2018-02-07T11:40:16+00:00</date>
    <runTimeInMillis>669</runTimeInMillis>
    <content>&lt;br/&gt;&amp;lt;test page&amp;gt;&lt;br/&gt;&lt;br/&gt;&lt;br/&gt;&lt;span class="meta"&gt;variable defined: TEST_SYSTEM=slim&lt;/span&gt;
&lt;br/&gt;&lt;span class="meta"&gt;classpath: C:\Users\R\Documents\UncleBob\wumpus-hunter-master\wumpus-hunter-master&lt;/span&gt;&lt;br/&gt;&lt;br/&gt;&lt;table&gt;
	&lt;tr class="slimRowTitle"&gt;
		&lt;td&gt;import &lt;span class="error"&gt;&lt;strong&gt; import: Bad table! Import tables must have at least two rows.&lt;/strong&gt;&lt;/span&gt;&lt;/td&gt;
	&lt;/tr&gt;
&lt;/table&gt;
&lt;br/&gt;&lt;table&gt;
	&lt;tr&gt;
		&lt;td colspan="3"&gt;Cavern &lt;span class="error"&gt;Could not invoke constructor for Cavern[0]&lt;/span&gt;&lt;/td&gt;
	&lt;/tr&gt;
	&lt;tr&gt;
		&lt;td&gt;x&lt;/td&gt;
		&lt;td&gt;y&lt;/td&gt;
		&lt;td&gt;hasBat?&lt;/td&gt;
	&lt;/tr&gt;
	&lt;tr&gt;
		&lt;td&gt;0 &lt;span class="error"&gt;The instance decisionTable_1.setX. does not exist&lt;/span&gt;&lt;/td&gt;
		&lt;td&gt;0 &lt;span class="error"&gt;The instance decisionTable_1.setY. does not exist&lt;/span&gt;&lt;/td&gt;
		&lt;td&gt;False &lt;span class="error"&gt;The instance decisionTable_1.hasBat. does not exist&lt;/span&gt;&lt;/td&gt;
	&lt;/tr&gt;
	&lt;tr&gt;
		&lt;td&gt;1 &lt;span class="error"&gt;The instance decisionTable_1.setX. does not exist&lt;/span&gt;&lt;/td&gt;
		&lt;td&gt;0 &lt;span class="error"&gt;The instance decisionTable_1.setY. does not exist&lt;/span&gt;&lt;/td&gt;
		&lt;td&gt;False &lt;span class="error"&gt;The instance decisionTable_1.hasBat. does not exist&lt;/span&gt;&lt;/td&gt;
	&lt;/tr&gt;
	&lt;tr&gt;
		&lt;td&gt;2 &lt;span class="error"&gt;The instance decisionTable_1.setX. does not exist&lt;/span&gt;&lt;/td&gt;
		&lt;td&gt;0 &lt;span class="error"&gt;The instance decisionTable_1.setY. does not exist&lt;/span&gt;&lt;/td&gt;
		&lt;td&gt;False &lt;span class="error"&gt;The instance decisionTable_1.hasBat. does not exist&lt;/span&gt;&lt;/td&gt;
	&lt;/tr&gt;
	&lt;tr&gt;
		&lt;td&gt;2 &lt;span class="error"&gt;The instance decisionTable_1.setX. does not exist&lt;/span&gt;&lt;/td&gt;
		&lt;td&gt;2 &lt;span class="error"&gt;The instance decisionTable_1.setY. does not exist&lt;/span&gt;&lt;/td&gt;
		&lt;td&gt;True &lt;span class="error"&gt;The instance decisionTable_1.hasBat. does not exist&lt;/span&gt;&lt;/td&gt;
	&lt;/tr&gt;
	&lt;tr&gt;
		&lt;td&gt;1 &lt;span class="error"&gt;The instance decisionTable_1.setX. does not exist&lt;/span&gt;&lt;/td&gt;
		&lt;td&gt;1 &lt;span class="error"&gt;The instance decisionTable_1.setY. does not exist&lt;/span&gt;&lt;/td&gt;
		&lt;td&gt;False &lt;span class="error"&gt;The instance decisionTable_1.hasBat. does not exist&lt;/span&gt;&lt;/td&gt;
	&lt;/tr&gt;
	&lt;tr&gt;
		&lt;td&gt;0 &lt;span class="error"&gt;The instance decisionTable_1.setX. does not exist&lt;/span&gt;&lt;/td&gt;
		&lt;td&gt;1 &lt;span class="error"&gt;The instance decisionTable_1.setY. does not exist&lt;/span&gt;&lt;/td&gt;
		&lt;td&gt;False &lt;span class="error"&gt;The instance decisionTable_1.hasBat. does not exist&lt;/span&gt;&lt;/td&gt;
	&lt;/tr&gt;
	&lt;tr&gt;
		&lt;td&gt;0 &lt;span class="error"&gt;The instance decisionTable_1.setX. does not exist&lt;/span&gt;&lt;/td&gt;
		&lt;td&gt;2 &lt;span class="error"&gt;The instance decisionTable_1.setY. does not exist&lt;/span&gt;&lt;/td&gt;
		&lt;td&gt;False &lt;span class="error"&gt;The instance decisionTable_1.hasBat. does not exist&lt;/span&gt;&lt;/td&gt;
	&lt;/tr&gt;
	&lt;tr&gt;
		&lt;td&gt;1 &lt;span class="error"&gt;The instance decisionTable_1.setX. does not exist&lt;/span&gt;&lt;/td&gt;
		&lt;td&gt;2 &lt;span class="error"&gt;The instance decisionTable_1.setY. does not exist&lt;/span&gt;&lt;/td&gt;
		&lt;td&gt;False &lt;span class="error"&gt;The instance decisionTable_1.hasBat. does not exist&lt;/span&gt;&lt;/td&gt;
	&lt;/tr&gt;
	&lt;tr&gt;
		&lt;td&gt;2 &lt;span class="error"&gt;The instance decisionTable_1.setX. does not exist&lt;/span&gt;&lt;/td&gt;
		&lt;td&gt;2 &lt;span class="error"&gt;The instance decisionTable_1.setY. does not exist&lt;/span&gt;&lt;/td&gt;
		&lt;td&gt;False &lt;span class="error"&gt;The instance decisionTable_1.hasBat. does not exist&lt;/span&gt;&lt;/td&gt;
	&lt;/tr&gt;
&lt;/table&gt;
</content>
    <relativePageName>HasBat</relativePageName>
            <instructions>
            <instructionResult>
        <instruction>{id='decisionTable_1_0', instruction='make', instanceName='decisionTable_1', className='Cavern', args=[]}</instruction>
        <slimResult></slimResult>
                <expectation>
                    <status>error</status>
                    <instructionId>decisionTable_1_0</instructionId>
                              <type>ConstructionExpectation</type>
                                        <evaluationMessage>Could not invoke constructor for Cavern[0]</evaluationMessage>
                  </expectation>
              </instructionResult>
            <instructionResult>
        <instruction>{id='decisionTable_1_4', instruction='call', instanceName='decisionTable_1', methodName='setX', args=[0]}</instruction>
        <slimResult></slimResult>
                <expectation>
                    <status>error</status>
                    <instructionId>decisionTable_1_4</instructionId>
                              <type>VoidReturnExpectation</type>
                                        <evaluationMessage>The instance decisionTable_1.setX. does not exist</evaluationMessage>
                  </expectation>
              </instructionResult>
            <instructionResult>
        <instruction>{id='decisionTable_1_5', instruction='call', instanceName='decisionTable_1', methodName='setY', args=[0]}</instruction>
        <slimResult></slimResult>
                <expectation>
                    <status>error</status>
                    <instructionId>decisionTable_1_5</instructionId>
                              <type>VoidReturnExpectation</type>
                                        <evaluationMessage>The instance decisionTable_1.setY. does not exist</evaluationMessage>
                  </expectation>
              </instructionResult>
            <instructionResult>
        <instruction>{id='decisionTable_1_7', instruction='call', instanceName='decisionTable_1', methodName='hasBat', args=[]}</instruction>
        <slimResult></slimResult>
                <expectation>
                    <status>error</status>
                    <instructionId>decisionTable_1_7</instructionId>
                              <type>ReturnedValueExpectation</type>
                                        <evaluationMessage>The instance decisionTable_1.hasBat. does not exist</evaluationMessage>
                  </expectation>
              </instructionResult>
            <instructionResult>
        <instruction>{id='decisionTable_1_9', instruction='call', instanceName='decisionTable_1', methodName='setX', args=[1]}</instruction>
        <slimResult></slimResult>
                <expectation>
                    <status>error</status>
                    <instructionId>decisionTable_1_9</instructionId>
                              <type>VoidReturnExpectation</type>
                                        <evaluationMessage>The instance decisionTable_1.setX. does not exist</evaluationMessage>
                  </expectation>
              </instructionResult>
            <instructionResult>
        <instruction>{id='decisionTable_1_10', instruction='call', instanceName='decisionTable_1', methodName='setY', args=[0]}</instruction>
        <slimResult></slimResult>
                <expectation>
                    <status>error</status>
                    <instructionId>decisionTable_1_10</instructionId>
                              <type>VoidReturnExpectation</type>
                                        <evaluationMessage>The instance decisionTable_1.setY. does not exist</evaluationMessage>
                  </expectation>
              </instructionResult>
            <instructionResult>
        <instruction>{id='decisionTable_1_12', instruction='call', instanceName='decisionTable_1', methodName='hasBat', args=[]}</instruction>
        <slimResult></slimResult>
                <expectation>
                    <status>error</status>
                    <instructionId>decisionTable_1_12</instructionId>
                              <type>ReturnedValueExpectation</type>
                                        <evaluationMessage>The instance decisionTable_1.hasBat. does not exist</evaluationMessage>
                  </expectation>
              </instructionResult>
            <instructionResult>
        <instruction>{id='decisionTable_1_14', instruction='call', instanceName='decisionTable_1', methodName='setX', args=[2]}</instruction>
        <slimResult></slimResult>
                <expectation>
                    <status>error</status>
                    <instructionId>decisionTable_1_14</instructionId>
                              <type>VoidReturnExpectation</type>
                                        <evaluationMessage>The instance decisionTable_1.setX. does not exist</evaluationMessage>
                  </expectation>
              </instructionResult>
            <instructionResult>
        <instruction>{id='decisionTable_1_15', instruction='call', instanceName='decisionTable_1', methodName='setY', args=[0]}</instruction>
        <slimResult></slimResult>
                <expectation>
                    <status>error</status>
                    <instructionId>decisionTable_1_15</instructionId>
                              <type>VoidReturnExpectation</type>
                                        <evaluationMessage>The instance decisionTable_1.setY. does not exist</evaluationMessage>
                  </expectation>
              </instructionResult>
            <instructionResult>
        <instruction>{id='decisionTable_1_17', instruction='call', instanceName='decisionTable_1', methodName='hasBat', args=[]}</instruction>
        <slimResult></slimResult>
                <expectation>
                    <status>error</status>
                    <instructionId>decisionTable_1_17</instructionId>
                              <type>ReturnedValueExpectation</type>
                                        <evaluationMessage>The instance decisionTable_1.hasBat. does not exist</evaluationMessage>
                  </expectation>
              </instructionResult>
            <instructionResult>
        <instruction>{id='decisionTable_1_19', instruction='call', instanceName='decisionTable_1', methodName='setX', args=[2]}</instruction>
        <slimResult></slimResult>
                <expectation>
                    <status>error</status>
                    <instructionId>decisionTable_1_19</instructionId>
                              <type>VoidReturnExpectation</type>
                                        <evaluationMessage>The instance decisionTable_1.setX. does not exist</evaluationMessage>
                  </expectation>
              </instructionResult>
            <instructionResult>
        <instruction>{id='decisionTable_1_20', instruction='call', instanceName='decisionTable_1', methodName='setY', args=[2]}</instruction>
        <slimResult></slimResult>
                <expectation>
                    <status>error</status>
                    <instructionId>decisionTable_1_20</instructionId>
                              <type>VoidReturnExpectation</type>
                                        <evaluationMessage>The instance decisionTable_1.setY. does not exist</evaluationMessage>
                  </expectation>
              </instructionResult>
            <instructionResult>
        <instruction>{id='decisionTable_1_22', instruction='call', instanceName='decisionTable_1', methodName='hasBat', args=[]}</instruction>
        <slimResult></slimResult>
                <expectation>
                    <status>error</status>
                    <instructionId>decisionTable_1_22</instructionId>
                              <type>ReturnedValueExpectation</type>
                                        <evaluationMessage>The instance decisionTable_1.hasBat. does not exist</evaluationMessage>
                  </expectation>
              </instructionResult>
            <instructionResult>
        <instruction>{id='decisionTable_1_24', instruction='call', instanceName='decisionTable_1', methodName='setX', args=[1]}</instruction>
        <slimResult></slimResult>
                <expectation>
                    <status>error</status>
                    <instructionId>decisionTable_1_24</instructionId>
                              <type>VoidReturnExpectation</type>
                                        <evaluationMessage>The instance decisionTable_1.setX. does not exist</evaluationMessage>
                  </expectation>
              </instructionResult>
            <instructionResult>
        <instruction>{id='decisionTable_1_25', instruction='call', instanceName='decisionTable_1', methodName='setY', args=[1]}</instruction>
        <slimResult></slimResult>
                <expectation>
                    <status>error</status>
                    <instructionId>decisionTable_1_25</instructionId>
                              <type>VoidReturnExpectation</type>
                                        <evaluationMessage>The instance decisionTable_1.setY. does not exist</evaluationMessage>
                  </expectation>
              </instructionResult>
            <instructionResult>
        <instruction>{id='decisionTable_1_27', instruction='call', instanceName='decisionTable_1', methodName='hasBat', args=[]}</instruction>
        <slimResult></slimResult>
                <expectation>
                    <status>error</status>
                    <instructionId>decisionTable_1_27</instructionId>
                              <type>ReturnedValueExpectation</type>
                                        <evaluationMessage>The instance decisionTable_1.hasBat. does not exist</evaluationMessage>
                  </expectation>
              </instructionResult>
            <instructionResult>
        <instruction>{id='decisionTable_1_29', instruction='call', instanceName='decisionTable_1', methodName='setX', args=[0]}</instruction>
        <slimResult></slimResult>
                <expectation>
                    <status>error</status>
                    <instructionId>decisionTable_1_29</instructionId>
                              <type>VoidReturnExpectation</type>
                                        <evaluationMessage>The instance decisionTable_1.setX. does not exist</evaluationMessage>
                  </expectation>
              </instructionResult>
            <instructionResult>
        <instruction>{id='decisionTable_1_30', instruction='call', instanceName='decisionTable_1', methodName='setY', args=[1]}</instruction>
        <slimResult></slimResult>
                <expectation>
                    <status>error</status>
                    <instructionId>decisionTable_1_30</instructionId>
                              <type>VoidReturnExpectation</type>
                                        <evaluationMessage>The instance decisionTable_1.setY. does not exist</evaluationMessage>
                  </expectation>
              </instructionResult>
            <instructionResult>
        <instruction>{id='decisionTable_1_32', instruction='call', instanceName='decisionTable_1', methodName='hasBat', args=[]}</instruction>
        <slimResult></slimResult>
                <expectation>
                    <status>error</status>
                    <instructionId>decisionTable_1_32</instructionId>
                              <type>ReturnedValueExpectation</type>
                                        <evaluationMessage>The instance decisionTable_1.hasBat. does not exist</evaluationMessage>
                  </expectation>
              </instructionResult>
            <instructionResult>
        <instruction>{id='decisionTable_1_34', instruction='call', instanceName='decisionTable_1', methodName='setX', args=[0]}</instruction>
        <slimResult></slimResult>
                <expectation>
                    <status>error</status>
                    <instructionId>decisionTable_1_34</instructionId>
                              <type>VoidReturnExpectation</type>
                                        <evaluationMessage>The instance decisionTable_1.setX. does not exist</evaluationMessage>
                  </expectation>
              </instructionResult>
            <instructionResult>
        <instruction>{id='decisionTable_1_35', instruction='call', instanceName='decisionTable_1', methodName='setY', args=[2]}</instruction>
        <slimResult></slimResult>
                <expectation>
                    <status>error</status>
                    <instructionId>decisionTable_1_35</instructionId>
                              <type>VoidReturnExpectation</type>
                                        <evaluationMessage>The instance decisionTable_1.setY. does not exist</evaluationMessage>
                  </expectation>
              </instructionResult>
            <instructionResult>
        <instruction>{id='decisionTable_1_37', instruction='call', instanceName='decisionTable_1', methodName='hasBat', args=[]}</instruction>
        <slimResult></slimResult>
                <expectation>
                    <status>error</status>
                    <instructionId>decisionTable_1_37</instructionId>
                              <type>ReturnedValueExpectation</type>
                                        <evaluationMessage>The instance decisionTable_1.hasBat. does not exist</evaluationMessage>
                  </expectation>
              </instructionResult>
            <instructionResult>
        <instruction>{id='decisionTable_1_39', instruction='call', instanceName='decisionTable_1', methodName='setX', args=[1]}</instruction>
        <slimResult></slimResult>
                <expectation>
                    <status>error</status>
                    <instructionId>decisionTable_1_39</instructionId>
                              <type>VoidReturnExpectation</type>
                                        <evaluationMessage>The instance decisionTable_1.setX. does not exist</evaluationMessage>
                  </expectation>
              </instructionResult>
            <instructionResult>
        <instruction>{id='decisionTable_1_40', instruction='call', instanceName='decisionTable_1', methodName='setY', args=[2]}</instruction>
        <slimResult></slimResult>
                <expectation>
                    <status>error</status>
                    <instructionId>decisionTable_1_40</instructionId>
                              <type>VoidReturnExpectation</type>
                                        <evaluationMessage>The instance decisionTable_1.setY. does not exist</evaluationMessage>
                  </expectation>
              </instructionResult>
            <instructionResult>
        <instruction>{id='decisionTable_1_42', instruction='call', instanceName='decisionTable_1', methodName='hasBat', args=[]}</instruction>
        <slimResult></slimResult>
                <expectation>
                    <status>error</status>
                    <instructionId>decisionTable_1_42</instructionId>
                              <type>ReturnedValueExpectation</type>
                                        <evaluationMessage>The instance decisionTable_1.hasBat. does not exist</evaluationMessage>
                  </expectation>
              </instructionResult>
            <instructionResult>
        <instruction>{id='decisionTable_1_44', instruction='call', instanceName='decisionTable_1', methodName='setX', args=[2]}</instruction>
        <slimResult></slimResult>
                <expectation>
                    <status>error</status>
                    <instructionId>decisionTable_1_44</instructionId>
                              <type>VoidReturnExpectation</type>
                                        <evaluationMessage>The instance decisionTable_1.setX. does not exist</evaluationMessage>
                  </expectation>
              </instructionResult>
            <instructionResult>
        <instruction>{id='decisionTable_1_45', instruction='call', instanceName='decisionTable_1', methodName='setY', args=[2]}</instruction>
        <slimResult></slimResult>
                <expectation>
                    <status>error</status>
                    <instructionId>decisionTable_1_45</instructionId>
                              <type>VoidReturnExpectation</type>
                                        <evaluationMessage>The instance decisionTable_1.setY. does not exist</evaluationMessage>
                  </expectation>
              </instructionResult>
            <instructionResult>
        <instruction>{id='decisionTable_1_47', instruction='call', instanceName='decisionTable_1', methodName='hasBat', args=[]}</instruction>
        <slimResult></slimResult>
                <expectation>
                    <status>error</status>
                    <instructionId>decisionTable_1_47</instructionId>
                              <type>ReturnedValueExpectation</type>
                                        <evaluationMessage>The instance decisionTable_1.hasBat. does not exist</evaluationMessage>
                  </expectation>
              </instructionResult>
          </instructions>
      </result>
  <executionLog>
    <testSystem>slim:fitnesse.slim.SlimService</testSystem>
    <command>java -cp C:\Users\R\Desktop\fitnesse-standalone.jar;C:\Users\R\Documents\UncleBob\wumpus-hunter-master\wumpus-hunter-master fitnesse.slim.SlimService 1</command>
    <exitCode>0</exitCode>
    <stdOut></stdOut>
    <stdErr></stdErr>
  </executionLog>
  <finalCounts>
    <right>0</right>
    <wrong>0</wrong>
    <ignores>0</ignores>
    <exceptions>1</exceptions>
  </finalCounts>
  <totalRunTimeInMillis>1887</totalRunTimeInMillis>
</testResults>

