<?xml version="1.0"?>
<testResults>
  <FitNesseVersion>v20180127</FitNesseVersion>
  <rootPath>CavernAttributes.HasBat</rootPath>
    <result>
    <counts>
      <right>0</right>
      <wrong>0</wrong>
      <ignores>0</ignores>
      <exceptions>28</exceptions>
    </counts>
    <date>2018-02-07T11:47:12+00:00</date>
    <runTimeInMillis>339</runTimeInMillis>
    <content>&lt;br/&gt;&amp;lt;test page&amp;gt;&lt;br/&gt;&lt;br/&gt;&lt;br/&gt;&lt;span class="meta"&gt;variable defined: TEST_SYSTEM=slim&lt;/span&gt;
&lt;br/&gt;&lt;span class="meta"&gt;classpath: C:\Users\R\Documents\UncleBob\wumpus-hunter-master\wumpus-hunter-master&lt;/span&gt;&lt;br/&gt;&lt;br/&gt;&lt;table&gt;
	&lt;tr class="slimRowTitle"&gt;
		&lt;td&gt;import &lt;span class="error"&gt;&lt;strong&gt; import: Bad table! Import tables must have at least two rows.&lt;/strong&gt;&lt;/span&gt;&lt;/td&gt;
	&lt;/tr&gt;
&lt;/table&gt;
&lt;table&gt;
	&lt;tr&gt;
		&lt;td&gt;main &lt;span class="error"&gt;Could not invoke constructor for main[0]&lt;/span&gt;&lt;/td&gt;
	&lt;/tr&gt;
&lt;/table&gt;
&lt;br/&gt;&lt;br/&gt;&lt;table&gt;
	&lt;tr class="exception closed"&gt;
		&lt;td class="error"&gt;Cavern&lt;/td&gt;
	&lt;/tr&gt;&lt;tr class="exception-detail closed-detail"&gt;&lt;td colspan="1"&gt;&lt;pre&gt;__EXCEPTION__:java.lang.NoClassDefFoundError: Cavern (wrong name: main/Cavern)
	at java.lang.ClassLoader.defineClass1(Native Method) [rt.jar:1.8.0_161]
	at java.lang.ClassLoader.defineClass(Unknown Source) [rt.jar:1.8.0_161]
	at java.security.SecureClassLoader.defineClass(Unknown Source) [rt.jar:1.8.0_161]
	at java.net.URLClassLoader.defineClass(Unknown Source) [rt.jar:1.8.0_161]
	at java.net.URLClassLoader.access$100(Unknown Source) [rt.jar:1.8.0_161]
	at java.net.URLClassLoader$1.run(Unknown Source) [rt.jar:1.8.0_161]
	at java.net.URLClassLoader$1.run(Unknown Source) [rt.jar:1.8.0_161]
	at java.security.AccessController.doPrivileged(Native Method) [rt.jar:1.8.0_161]
	at java.net.URLClassLoader.findClass(Unknown Source) [rt.jar:1.8.0_161]
	at java.lang.ClassLoader.loadClass(Unknown Source) [rt.jar:1.8.0_161]
	at sun.misc.Launcher$AppClassLoader.loadClass(Unknown Source) [rt.jar:1.8.0_161]
	at java.lang.ClassLoader.loadClass(Unknown Source) [rt.jar:1.8.0_161]
	at java.lang.Class.forName0(Native Method) [rt.jar:1.8.0_161]
	at java.lang.Class.forName(Unknown Source) [rt.jar:1.8.0_161]
	at fitnesse.slim.fixtureInteraction.DefaultInteraction.getClass(DefaultInteraction.java:65) [fitnesse-standalone.jar:20180127]
	at fitnesse.slim.fixtureInteraction.DefaultInteraction.searchPathsForClass(DefaultInteraction.java:49) [fitnesse-standalone.jar:20180127]
	at fitnesse.slim.fixtureInteraction.DefaultInteraction.createInstance(DefaultInteraction.java:29) [fitnesse-standalone.jar:20180127]
	at fitnesse.slim.SlimExecutionContext.create(SlimExecutionContext.java:52) [fitnesse-standalone.jar:20180127]
	at fitnesse.slim.StatementExecutor.create(StatementExecutor.java:88) [fitnesse-standalone.jar:20180127]
	at fitnesse.slim.instructions.MakeInstruction.executeInternal(MakeInstruction.java:26) [fitnesse-standalone.jar:20180127]
	at fitnesse.slim.instructions.Instruction.execute(Instruction.java:29) [fitnesse-standalone.jar:20180127]
	at fitnesse.slim.ListExecutor$Executive.executeStatement(ListExecutor.java:49) [fitnesse-standalone.jar:20180127]
	at fitnesse.slim.ListExecutor$Executive.executeStatements(ListExecutor.java:43) [fitnesse-standalone.jar:20180127]
	at fitnesse.slim.ListExecutor.execute(ListExecutor.java:85) [fitnesse-standalone.jar:20180127]
	at fitnesse.slim.SlimServer.executeInstructions(SlimServer.java:82) [fitnesse-standalone.jar:20180127]
	at fitnesse.slim.SlimServer.processOneSetOfInstructions(SlimServer.java:75) [fitnesse-standalone.jar:20180127]
	at fitnesse.slim.SlimServer.tryProcessInstructions(SlimServer.java:62) [fitnesse-standalone.jar:20180127]
	at fitnesse.slim.SlimServer.serve(SlimServer.java:47) [fitnesse-standalone.jar:20180127]
	at fitnesse.slim.SlimService.handle(SlimService.java:169) [fitnesse-standalone.jar:20180127]
	at fitnesse.slim.SlimService.acceptOne(SlimService.java:177) [fitnesse-standalone.jar:20180127]
	at fitnesse.slim.SlimService.accept(SlimService.java:139) [fitnesse-standalone.jar:20180127]
	at fitnesse.slim.SlimService.startWithFactory(SlimService.java:92) [fitnesse-standalone.jar:20180127]
	at fitnesse.slim.SlimService.main(SlimService.java:57) [fitnesse-standalone.jar:20180127]&lt;/pre&gt;&lt;/td&gt;&lt;/tr&gt;
&lt;/table&gt;
&lt;br/&gt;&lt;table&gt;
	&lt;tr&gt;
		&lt;td&gt;x &lt;span class="error"&gt;Could not invoke constructor for x[2]&lt;/span&gt;&lt;/td&gt;
		&lt;td&gt;y&lt;/td&gt;
		&lt;td&gt;hasBat?&lt;/td&gt;
	&lt;/tr&gt;
	&lt;tr&gt;
		&lt;td&gt;0&lt;/td&gt;
		&lt;td&gt;0&lt;/td&gt;
		&lt;td&gt;False&lt;/td&gt;
	&lt;/tr&gt;
	&lt;tr&gt;
		&lt;td&gt;1 &lt;span class="error"&gt;The instance decisionTable_3.set0. does not exist&lt;/span&gt;&lt;/td&gt;
		&lt;td&gt;0 &lt;span class="error"&gt;The instance decisionTable_3.set0. does not exist&lt;/span&gt;&lt;/td&gt;
		&lt;td&gt;False &lt;span class="error"&gt;The instance decisionTable_3.setFalse. does not exist&lt;/span&gt;&lt;/td&gt;
	&lt;/tr&gt;
	&lt;tr&gt;
		&lt;td&gt;2 &lt;span class="error"&gt;The instance decisionTable_3.set0. does not exist&lt;/span&gt;&lt;/td&gt;
		&lt;td&gt;0 &lt;span class="error"&gt;The instance decisionTable_3.set0. does not exist&lt;/span&gt;&lt;/td&gt;
		&lt;td&gt;False &lt;span class="error"&gt;The instance decisionTable_3.setFalse. does not exist&lt;/span&gt;&lt;/td&gt;
	&lt;/tr&gt;
	&lt;tr&gt;
		&lt;td&gt;2 &lt;span class="error"&gt;The instance decisionTable_3.set0. does not exist&lt;/span&gt;&lt;/td&gt;
		&lt;td&gt;2 &lt;span class="error"&gt;The instance decisionTable_3.set0. does not exist&lt;/span&gt;&lt;/td&gt;
		&lt;td&gt;True &lt;span class="error"&gt;The instance decisionTable_3.setFalse. does not exist&lt;/span&gt;&lt;/td&gt;
	&lt;/tr&gt;
	&lt;tr&gt;
		&lt;td&gt;1 &lt;span class="error"&gt;The instance decisionTable_3.set0. does not exist&lt;/span&gt;&lt;/td&gt;
		&lt;td&gt;1 &lt;span class="error"&gt;The instance decisionTable_3.set0. does not exist&lt;/span&gt;&lt;/td&gt;
		&lt;td&gt;False &lt;span class="error"&gt;The instance decisionTable_3.setFalse. does not exist&lt;/span&gt;&lt;/td&gt;
	&lt;/tr&gt;
	&lt;tr&gt;
		&lt;td&gt;0 &lt;span class="error"&gt;The instance decisionTable_3.set0. does not exist&lt;/span&gt;&lt;/td&gt;
		&lt;td&gt;1 &lt;span class="error"&gt;The instance decisionTable_3.set0. does not exist&lt;/span&gt;&lt;/td&gt;
		&lt;td&gt;False &lt;span class="error"&gt;The instance decisionTable_3.setFalse. does not exist&lt;/span&gt;&lt;/td&gt;
	&lt;/tr&gt;
	&lt;tr&gt;
		&lt;td&gt;0 &lt;span class="error"&gt;The instance decisionTable_3.set0. does not exist&lt;/span&gt;&lt;/td&gt;
		&lt;td&gt;2 &lt;span class="error"&gt;The instance decisionTable_3.set0. does not exist&lt;/span&gt;&lt;/td&gt;
		&lt;td&gt;False &lt;span class="error"&gt;The instance decisionTable_3.setFalse. does not exist&lt;/span&gt;&lt;/td&gt;
	&lt;/tr&gt;
	&lt;tr&gt;
		&lt;td&gt;1 &lt;span class="error"&gt;The instance decisionTable_3.set0. does not exist&lt;/span&gt;&lt;/td&gt;
		&lt;td&gt;2 &lt;span class="error"&gt;The instance decisionTable_3.set0. does not exist&lt;/span&gt;&lt;/td&gt;
		&lt;td&gt;False &lt;span class="error"&gt;The instance decisionTable_3.setFalse. does not exist&lt;/span&gt;&lt;/td&gt;
	&lt;/tr&gt;
	&lt;tr&gt;
		&lt;td&gt;2 &lt;span class="error"&gt;The instance decisionTable_3.set0. does not exist&lt;/span&gt;&lt;/td&gt;
		&lt;td&gt;2 &lt;span class="error"&gt;The instance decisionTable_3.set0. does not exist&lt;/span&gt;&lt;/td&gt;
		&lt;td&gt;False &lt;span class="error"&gt;The instance decisionTable_3.setFalse. does not exist&lt;/span&gt;&lt;/td&gt;
	&lt;/tr&gt;
&lt;/table&gt;
</content>
    <relativePageName>HasBat</relativePageName>
            <instructions>
            <instructionResult>
        <instruction>{id='decisionTable_1_0', instruction='make', instanceName='decisionTable_1', className='main', args=[]}</instruction>
        <slimResult></slimResult>
                <expectation>
                    <status>error</status>
                    <instructionId>decisionTable_1_0</instructionId>
                              <type>ConstructionExpectation</type>
                                        <evaluationMessage>Could not invoke constructor for main[0]</evaluationMessage>
                  </expectation>
              </instructionResult>
            <instructionResult>
        <instruction>{id='decisionTable_2_0', instruction='make', instanceName='decisionTable_2', className='Cavern', args=[]}</instruction>
        <slimResult></slimResult>
                <expectation>
                    <status>error</status>
                    <instructionId>decisionTable_2_0</instructionId>
                              <type>ConstructionExpectation</type>
                                      </expectation>
              </instructionResult>
            <instructionResult>
        <instruction>{id='decisionTable_3_0', instruction='make', instanceName='decisionTable_3', className='x', args=[y, hasBat?]}</instruction>
        <slimResult></slimResult>
                <expectation>
                    <status>error</status>
                    <instructionId>decisionTable_3_0</instructionId>
                              <type>ConstructionExpectation</type>
                                        <evaluationMessage>Could not invoke constructor for x[2]</evaluationMessage>
                  </expectation>
              </instructionResult>
            <instructionResult>
        <instruction>{id='decisionTable_3_4', instruction='call', instanceName='decisionTable_3', methodName='set0', args=[1]}</instruction>
        <slimResult></slimResult>
                <expectation>
                    <status>error</status>
                    <instructionId>decisionTable_3_4</instructionId>
                              <type>VoidReturnExpectation</type>
                                        <evaluationMessage>The instance decisionTable_3.set0. does not exist</evaluationMessage>
                  </expectation>
              </instructionResult>
            <instructionResult>
        <instruction>{id='decisionTable_3_5', instruction='call', instanceName='decisionTable_3', methodName='set0', args=[0]}</instruction>
        <slimResult></slimResult>
                <expectation>
                    <status>error</status>
                    <instructionId>decisionTable_3_5</instructionId>
                              <type>VoidReturnExpectation</type>
                                        <evaluationMessage>The instance decisionTable_3.set0. does not exist</evaluationMessage>
                  </expectation>
              </instructionResult>
            <instructionResult>
        <instruction>{id='decisionTable_3_6', instruction='call', instanceName='decisionTable_3', methodName='setFalse', args=[False]}</instruction>
        <slimResult></slimResult>
                <expectation>
                    <status>error</status>
                    <instructionId>decisionTable_3_6</instructionId>
                              <type>VoidReturnExpectation</type>
                                        <evaluationMessage>The instance decisionTable_3.setFalse. does not exist</evaluationMessage>
                  </expectation>
              </instructionResult>
            <instructionResult>
        <instruction>{id='decisionTable_3_9', instruction='call', instanceName='decisionTable_3', methodName='set0', args=[2]}</instruction>
        <slimResult></slimResult>
                <expectation>
                    <status>error</status>
                    <instructionId>decisionTable_3_9</instructionId>
                              <type>VoidReturnExpectation</type>
                                        <evaluationMessage>The instance decisionTable_3.set0. does not exist</evaluationMessage>
                  </expectation>
              </instructionResult>
            <instructionResult>
        <instruction>{id='decisionTable_3_10', instruction='call', instanceName='decisionTable_3', methodName='set0', args=[0]}</instruction>
        <slimResult></slimResult>
                <expectation>
                    <status>error</status>
                    <instructionId>decisionTable_3_10</instructionId>
                              <type>VoidReturnExpectation</type>
                                        <evaluationMessage>The instance decisionTable_3.set0. does not exist</evaluationMessage>
                  </expectation>
              </instructionResult>
            <instructionResult>
        <instruction>{id='decisionTable_3_11', instruction='call', instanceName='decisionTable_3', methodName='setFalse', args=[False]}</instruction>
        <slimResult></slimResult>
                <expectation>
                    <status>error</status>
                    <instructionId>decisionTable_3_11</instructionId>
                              <type>VoidReturnExpectation</type>
                                        <evaluationMessage>The instance decisionTable_3.setFalse. does not exist</evaluationMessage>
                  </expectation>
              </instructionResult>
            <instructionResult>
        <instruction>{id='decisionTable_3_14', instruction='call', instanceName='decisionTable_3', methodName='set0', args=[2]}</instruction>
        <slimResult></slimResult>
                <expectation>
                    <status>error</status>
                    <instructionId>decisionTable_3_14</instructionId>
                              <type>VoidReturnExpectation</type>
                                        <evaluationMessage>The instance decisionTable_3.set0. does not exist</evaluationMessage>
                  </expectation>
              </instructionResult>
            <instructionResult>
        <instruction>{id='decisionTable_3_15', instruction='call', instanceName='decisionTable_3', methodName='set0', args=[2]}</instruction>
        <slimResult></slimResult>
                <expectation>
                    <status>error</status>
                    <instructionId>decisionTable_3_15</instructionId>
                              <type>VoidReturnExpectation</type>
                                        <evaluationMessage>The instance decisionTable_3.set0. does not exist</evaluationMessage>
                  </expectation>
              </instructionResult>
            <instructionResult>
        <instruction>{id='decisionTable_3_16', instruction='call', instanceName='decisionTable_3', methodName='setFalse', args=[True]}</instruction>
        <slimResult></slimResult>
                <expectation>
                    <status>error</status>
                    <instructionId>decisionTable_3_16</instructionId>
                              <type>VoidReturnExpectation</type>
                                        <evaluationMessage>The instance decisionTable_3.setFalse. does not exist</evaluationMessage>
                  </expectation>
              </instructionResult>
            <instructionResult>
        <instruction>{id='decisionTable_3_19', instruction='call', instanceName='decisionTable_3', methodName='set0', args=[1]}</instruction>
        <slimResult></slimResult>
                <expectation>
                    <status>error</status>
                    <instructionId>decisionTable_3_19</instructionId>
                              <type>VoidReturnExpectation</type>
                                        <evaluationMessage>The instance decisionTable_3.set0. does not exist</evaluationMessage>
                  </expectation>
              </instructionResult>
            <instructionResult>
        <instruction>{id='decisionTable_3_20', instruction='call', instanceName='decisionTable_3', methodName='set0', args=[1]}</instruction>
        <slimResult></slimResult>
                <expectation>
                    <status>error</status>
                    <instructionId>decisionTable_3_20</instructionId>
                              <type>VoidReturnExpectation</type>
                                        <evaluationMessage>The instance decisionTable_3.set0. does not exist</evaluationMessage>
                  </expectation>
              </instructionResult>
            <instructionResult>
        <instruction>{id='decisionTable_3_21', instruction='call', instanceName='decisionTable_3', methodName='setFalse', args=[False]}</instruction>
        <slimResult></slimResult>
                <expectation>
                    <status>error</status>
                    <instructionId>decisionTable_3_21</instructionId>
                              <type>VoidReturnExpectation</type>
                                        <evaluationMessage>The instance decisionTable_3.setFalse. does not exist</evaluationMessage>
                  </expectation>
              </instructionResult>
            <instructionResult>
        <instruction>{id='decisionTable_3_24', instruction='call', instanceName='decisionTable_3', methodName='set0', args=[0]}</instruction>
        <slimResult></slimResult>
                <expectation>
                    <status>error</status>
                    <instructionId>decisionTable_3_24</instructionId>
                              <type>VoidReturnExpectation</type>
                                        <evaluationMessage>The instance decisionTable_3.set0. does not exist</evaluationMessage>
                  </expectation>
              </instructionResult>
            <instructionResult>
        <instruction>{id='decisionTable_3_25', instruction='call', instanceName='decisionTable_3', methodName='set0', args=[1]}</instruction>
        <slimResult></slimResult>
                <expectation>
                    <status>error</status>
                    <instructionId>decisionTable_3_25</instructionId>
                              <type>VoidReturnExpectation</type>
                                        <evaluationMessage>The instance decisionTable_3.set0. does not exist</evaluationMessage>
                  </expectation>
              </instructionResult>
            <instructionResult>
        <instruction>{id='decisionTable_3_26', instruction='call', instanceName='decisionTable_3', methodName='setFalse', args=[False]}</instruction>
        <slimResult></slimResult>
                <expectation>
                    <status>error</status>
                    <instructionId>decisionTable_3_26</instructionId>
                              <type>VoidReturnExpectation</type>
                                        <evaluationMessage>The instance decisionTable_3.setFalse. does not exist</evaluationMessage>
                  </expectation>
              </instructionResult>
            <instructionResult>
        <instruction>{id='decisionTable_3_29', instruction='call', instanceName='decisionTable_3', methodName='set0', args=[0]}</instruction>
        <slimResult></slimResult>
                <expectation>
                    <status>error</status>
                    <instructionId>decisionTable_3_29</instructionId>
                              <type>VoidReturnExpectation</type>
                                        <evaluationMessage>The instance decisionTable_3.set0. does not exist</evaluationMessage>
                  </expectation>
              </instructionResult>
            <instructionResult>
        <instruction>{id='decisionTable_3_30', instruction='call', instanceName='decisionTable_3', methodName='set0', args=[2]}</instruction>
        <slimResult></slimResult>
                <expectation>
                    <status>error</status>
                    <instructionId>decisionTable_3_30</instructionId>
                              <type>VoidReturnExpectation</type>
                                        <evaluationMessage>The instance decisionTable_3.set0. does not exist</evaluationMessage>
                  </expectation>
              </instructionResult>
            <instructionResult>
        <instruction>{id='decisionTable_3_31', instruction='call', instanceName='decisionTable_3', methodName='setFalse', args=[False]}</instruction>
        <slimResult></slimResult>
                <expectation>
                    <status>error</status>
                    <instructionId>decisionTable_3_31</instructionId>
                              <type>VoidReturnExpectation</type>
                                        <evaluationMessage>The instance decisionTable_3.setFalse. does not exist</evaluationMessage>
                  </expectation>
              </instructionResult>
            <instructionResult>
        <instruction>{id='decisionTable_3_34', instruction='call', instanceName='decisionTable_3', methodName='set0', args=[1]}</instruction>
        <slimResult></slimResult>
                <expectation>
                    <status>error</status>
                    <instructionId>decisionTable_3_34</instructionId>
                              <type>VoidReturnExpectation</type>
                                        <evaluationMessage>The instance decisionTable_3.set0. does not exist</evaluationMessage>
                  </expectation>
              </instructionResult>
            <instructionResult>
        <instruction>{id='decisionTable_3_35', instruction='call', instanceName='decisionTable_3', methodName='set0', args=[2]}</instruction>
        <slimResult></slimResult>
                <expectation>
                    <status>error</status>
                    <instructionId>decisionTable_3_35</instructionId>
                              <type>VoidReturnExpectation</type>
                                        <evaluationMessage>The instance decisionTable_3.set0. does not exist</evaluationMessage>
                  </expectation>
              </instructionResult>
            <instructionResult>
        <instruction>{id='decisionTable_3_36', instruction='call', instanceName='decisionTable_3', methodName='setFalse', args=[False]}</instruction>
        <slimResult></slimResult>
                <expectation>
                    <status>error</status>
                    <instructionId>decisionTable_3_36</instructionId>
                              <type>VoidReturnExpectation</type>
                                        <evaluationMessage>The instance decisionTable_3.setFalse. does not exist</evaluationMessage>
                  </expectation>
              </instructionResult>
            <instructionResult>
        <instruction>{id='decisionTable_3_39', instruction='call', instanceName='decisionTable_3', methodName='set0', args=[2]}</instruction>
        <slimResult></slimResult>
                <expectation>
                    <status>error</status>
                    <instructionId>decisionTable_3_39</instructionId>
                              <type>VoidReturnExpectation</type>
                                        <evaluationMessage>The instance decisionTable_3.set0. does not exist</evaluationMessage>
                  </expectation>
              </instructionResult>
            <instructionResult>
        <instruction>{id='decisionTable_3_40', instruction='call', instanceName='decisionTable_3', methodName='set0', args=[2]}</instruction>
        <slimResult></slimResult>
                <expectation>
                    <status>error</status>
                    <instructionId>decisionTable_3_40</instructionId>
                              <type>VoidReturnExpectation</type>
                                        <evaluationMessage>The instance decisionTable_3.set0. does not exist</evaluationMessage>
                  </expectation>
              </instructionResult>
            <instructionResult>
        <instruction>{id='decisionTable_3_41', instruction='call', instanceName='decisionTable_3', methodName='setFalse', args=[False]}</instruction>
        <slimResult></slimResult>
                <expectation>
                    <status>error</status>
                    <instructionId>decisionTable_3_41</instructionId>
                              <type>VoidReturnExpectation</type>
                                        <evaluationMessage>The instance decisionTable_3.setFalse. does not exist</evaluationMessage>
                  </expectation>
              </instructionResult>
          </instructions>
      </result>
  <executionLog>
    <testSystem>slim:fitnesse.slim.SlimService</testSystem>
    <command>java -cp C:\Users\R\Desktop\fitnesse-standalone.jar;C:\Users\R\Documents\UncleBob\wumpus-hunter-master\wumpus-hunter-master fitnesse.slim.SlimService 1</command>
    <exitCode>0</exitCode>
    <stdOut></stdOut>
    <stdErr></stdErr>
  </executionLog>
  <finalCounts>
    <right>0</right>
    <wrong>0</wrong>
    <ignores>0</ignores>
    <exceptions>1</exceptions>
  </finalCounts>
  <totalRunTimeInMillis>698</totalRunTimeInMillis>
</testResults>

