<?xml version="1.0"?>
<testResults>
  <FitNesseVersion>v20180127</FitNesseVersion>
  <rootPath>ArrowAttributes.CollectArrow</rootPath>
    <result>
    <counts>
      <right>2</right>
      <wrong>2</wrong>
      <ignores>0</ignores>
      <exceptions>2</exceptions>
    </counts>
    <date>2018-02-08T09:21:08-05:00</date>
    <runTimeInMillis>207</runTimeInMillis>
    <content>&lt;br/&gt;&amp;lt;test page&amp;gt;&lt;br/&gt;&lt;br/&gt;&lt;table&gt;
	&lt;tr class="slimRowTitle"&gt;
		&lt;td&gt;import&lt;/td&gt;
	&lt;/tr&gt;
	&lt;tr class="slimRowColor0"&gt;
		&lt;td&gt;&lt;span class="pass"&gt;fixtures&lt;/span&gt;&lt;/td&gt;
	&lt;/tr&gt;
&lt;/table&gt;
&lt;br/&gt;&lt;table&gt;
	&lt;tr&gt;
		&lt;td colspan="6"&gt;&lt;span class="pass"&gt;Can player collect arrow?&lt;/span&gt;&lt;/td&gt;
	&lt;/tr&gt;
	&lt;tr&gt;
		&lt;td&gt;playerX&lt;/td&gt;
		&lt;td&gt;playerY&lt;/td&gt;
		&lt;td&gt;direction&lt;/td&gt;
		&lt;td&gt;cavernHasArrow?&lt;/td&gt;
		&lt;td&gt;arrowCount?&lt;/td&gt;
		&lt;td&gt;resultCavernHasArrows?&lt;/td&gt;
	&lt;/tr&gt;
	&lt;tr class="exception closed"&gt;
		&lt;td class="error"&gt;1&lt;/td&gt;
		&lt;td class="error"&gt;1&lt;/td&gt;
		&lt;td class="error"&gt;N&lt;/td&gt;
		&lt;td class="error"&gt;true&lt;/td&gt;
		&lt;td class="error"&gt;[&lt;span class="diff"&gt;5&lt;/span&gt;] &lt;span class="fail"&gt;expected [&lt;/span&gt;&lt;span class="diff"&gt;6&lt;/span&gt;&lt;span class="fail"&gt;]&lt;/span&gt;&lt;/td&gt;
		&lt;td class="error"&gt;&lt;span class="pass"&gt;true&lt;/span&gt;&lt;/td&gt;
	&lt;/tr&gt;&lt;tr class="exception-detail closed-detail"&gt;&lt;td colspan="6"&gt;&lt;pre&gt;__EXCEPTION__:java.lang.Error: Unresolved compilation problem: 
	This method must return a result of type boolean

	at fixtures.CanPlayerCollectArrow.cavernHasArrow(CanPlayerCollectArrow.java:45) [file:/Users/arthurphidd/Desktop/Web%20Development/WumpusHunter2-TheReckoning/bin/]
	at sun.reflect.NativeMethodAccessorImpl.invoke0(Native Method) [rt.jar:1.8.0_131]
	at sun.reflect.NativeMethodAccessorImpl.invoke(NativeMethodAccessorImpl.java:62) [rt.jar:1.8.0_131]
	at sun.reflect.DelegatingMethodAccessorImpl.invoke(DelegatingMethodAccessorImpl.java:43) [rt.jar:1.8.0_131]
	at java.lang.reflect.Method.invoke(Method.java:498) [rt.jar:1.8.0_131]
	at fitnesse.slim.fixtureInteraction.DefaultInteraction.methodInvoke(DefaultInteraction.java:221) [fitnesse-standalone.jar:20180127]
	at fitnesse.slim.fixtureInteraction.DefaultInteraction.callMethod(DefaultInteraction.java:206) [fitnesse-standalone.jar:20180127]
	at fitnesse.slim.fixtureInteraction.DefaultInteraction.invokeMethod(DefaultInteraction.java:188) [fitnesse-standalone.jar:20180127]
	at fitnesse.slim.fixtureInteraction.DefaultInteraction.findAndInvoke(DefaultInteraction.java:166) [fitnesse-standalone.jar:20180127]
	at fitnesse.slim.MethodExecutor.findAndInvoke(MethodExecutor.java:18) [fitnesse-standalone.jar:20180127]
	at fitnesse.slim.FixtureMethodExecutor.execute(FixtureMethodExecutor.java:18) [fitnesse-standalone.jar:20180127]
	at fitnesse.slim.StatementExecutor.getMethodExecutionResult(StatementExecutor.java:139) [fitnesse-standalone.jar:20180127]
	at fitnesse.slim.StatementExecutor.call(StatementExecutor.java:112) [fitnesse-standalone.jar:20180127]
	at fitnesse.slim.instructions.CallInstruction.executeInternal(CallInstruction.java:35) [fitnesse-standalone.jar:20180127]
	at fitnesse.slim.instructions.Instruction.execute(Instruction.java:29) [fitnesse-standalone.jar:20180127]
	at fitnesse.slim.ListExecutor$Executive.executeStatement(ListExecutor.java:49) [fitnesse-standalone.jar:20180127]
	at fitnesse.slim.ListExecutor$Executive.executeStatements(ListExecutor.java:43) [fitnesse-standalone.jar:20180127]
	at fitnesse.slim.ListExecutor.execute(ListExecutor.java:85) [fitnesse-standalone.jar:20180127]
	at fitnesse.slim.SlimServer.executeInstructions(SlimServer.java:82) [fitnesse-standalone.jar:20180127]
	at fitnesse.slim.SlimServer.processOneSetOfInstructions(SlimServer.java:75) [fitnesse-standalone.jar:20180127]
	at fitnesse.slim.SlimServer.tryProcessInstructions(SlimServer.java:62) [fitnesse-standalone.jar:20180127]
	at fitnesse.slim.SlimServer.serve(SlimServer.java:47) [fitnesse-standalone.jar:20180127]
	at fitnesse.slim.SlimService.handle(SlimService.java:169) [fitnesse-standalone.jar:20180127]
	at fitnesse.slim.SlimService.acceptOne(SlimService.java:177) [fitnesse-standalone.jar:20180127]
	at fitnesse.slim.SlimService.accept(SlimService.java:139) [fitnesse-standalone.jar:20180127]
	at fitnesse.slim.SlimService.startWithFactory(SlimService.java:92) [fitnesse-standalone.jar:20180127]
	at fitnesse.slim.SlimService.main(SlimService.java:57) [fitnesse-standalone.jar:20180127]&lt;/pre&gt;&lt;/td&gt;&lt;/tr&gt;
	&lt;tr class="exception closed"&gt;
		&lt;td class="error"&gt;1&lt;/td&gt;
		&lt;td class="error"&gt;2&lt;/td&gt;
		&lt;td class="error"&gt;N&lt;/td&gt;
		&lt;td class="error"&gt;false&lt;/td&gt;
		&lt;td class="error"&gt;[&lt;span class="diff"&gt;5&lt;/span&gt;] &lt;span class="fail"&gt;expected [&lt;/span&gt;&lt;span class="diff"&gt;6&lt;/span&gt;&lt;span class="fail"&gt;]&lt;/span&gt;&lt;/td&gt;
		&lt;td class="error"&gt;&lt;span class="pass"&gt;false&lt;/span&gt;&lt;/td&gt;
	&lt;/tr&gt;&lt;tr class="exception-detail closed-detail"&gt;&lt;td colspan="6"&gt;&lt;pre&gt;__EXCEPTION__:java.lang.Error: Unresolved compilation problem: 
	This method must return a result of type boolean

	at fixtures.CanPlayerCollectArrow.cavernHasArrow(CanPlayerCollectArrow.java:45) [file:/Users/arthurphidd/Desktop/Web%20Development/WumpusHunter2-TheReckoning/bin/]
	at sun.reflect.NativeMethodAccessorImpl.invoke0(Native Method) [rt.jar:1.8.0_131]
	at sun.reflect.NativeMethodAccessorImpl.invoke(NativeMethodAccessorImpl.java:62) [rt.jar:1.8.0_131]
	at sun.reflect.DelegatingMethodAccessorImpl.invoke(DelegatingMethodAccessorImpl.java:43) [rt.jar:1.8.0_131]
	at java.lang.reflect.Method.invoke(Method.java:498) [rt.jar:1.8.0_131]
	at fitnesse.slim.fixtureInteraction.DefaultInteraction.methodInvoke(DefaultInteraction.java:221) [fitnesse-standalone.jar:20180127]
	at fitnesse.slim.fixtureInteraction.DefaultInteraction.callMethod(DefaultInteraction.java:206) [fitnesse-standalone.jar:20180127]
	at fitnesse.slim.fixtureInteraction.DefaultInteraction.invokeMethod(DefaultInteraction.java:188) [fitnesse-standalone.jar:20180127]
	at fitnesse.slim.fixtureInteraction.DefaultInteraction.findAndInvoke(DefaultInteraction.java:166) [fitnesse-standalone.jar:20180127]
	at fitnesse.slim.MethodExecutor.findAndInvoke(MethodExecutor.java:18) [fitnesse-standalone.jar:20180127]
	at fitnesse.slim.FixtureMethodExecutor.execute(FixtureMethodExecutor.java:18) [fitnesse-standalone.jar:20180127]
	at fitnesse.slim.StatementExecutor.getMethodExecutionResult(StatementExecutor.java:139) [fitnesse-standalone.jar:20180127]
	at fitnesse.slim.StatementExecutor.call(StatementExecutor.java:112) [fitnesse-standalone.jar:20180127]
	at fitnesse.slim.instructions.CallInstruction.executeInternal(CallInstruction.java:35) [fitnesse-standalone.jar:20180127]
	at fitnesse.slim.instructions.Instruction.execute(Instruction.java:29) [fitnesse-standalone.jar:20180127]
	at fitnesse.slim.ListExecutor$Executive.executeStatement(ListExecutor.java:49) [fitnesse-standalone.jar:20180127]
	at fitnesse.slim.ListExecutor$Executive.executeStatements(ListExecutor.java:43) [fitnesse-standalone.jar:20180127]
	at fitnesse.slim.ListExecutor.execute(ListExecutor.java:85) [fitnesse-standalone.jar:20180127]
	at fitnesse.slim.SlimServer.executeInstructions(SlimServer.java:82) [fitnesse-standalone.jar:20180127]
	at fitnesse.slim.SlimServer.processOneSetOfInstructions(SlimServer.java:75) [fitnesse-standalone.jar:20180127]
	at fitnesse.slim.SlimServer.tryProcessInstructions(SlimServer.java:62) [fitnesse-standalone.jar:20180127]
	at fitnesse.slim.SlimServer.serve(SlimServer.java:47) [fitnesse-standalone.jar:20180127]
	at fitnesse.slim.SlimService.handle(SlimService.java:169) [fitnesse-standalone.jar:20180127]
	at fitnesse.slim.SlimService.acceptOne(SlimService.java:177) [fitnesse-standalone.jar:20180127]
	at fitnesse.slim.SlimService.accept(SlimService.java:139) [fitnesse-standalone.jar:20180127]
	at fitnesse.slim.SlimService.startWithFactory(SlimService.java:92) [fitnesse-standalone.jar:20180127]
	at fitnesse.slim.SlimService.main(SlimService.java:57) [fitnesse-standalone.jar:20180127]&lt;/pre&gt;&lt;/td&gt;&lt;/tr&gt;
&lt;/table&gt;
</content>
    <relativePageName>CollectArrow</relativePageName>
            <instructions>
            <instructionResult>
        <instruction>{id='import_0_0', instruction='import', path='fixtures'}</instruction>
        <slimResult>pass(fixtures)</slimResult>
                <expectation>
                    <status>pass</status>
                    <instructionId>import_0_0</instructionId>
                    <col>0</col>
                              <row>1</row>
                    <type>ImportExpectation</type>
                                        <evaluationMessage>fixtures</evaluationMessage>
                  </expectation>
              </instructionResult>
            <instructionResult>
        <instruction>{id='decisionTable_1_0', instruction='make', instanceName='decisionTable_1', className='CanPlayerCollectArrow', args=[]}</instruction>
        <slimResult>pass(Can player collect arrow?)</slimResult>
                <expectation>
                    <status>pass</status>
                    <instructionId>decisionTable_1_0</instructionId>
                    <col>0</col>
                              <row>0</row>
                    <type>ConstructionExpectation</type>
                                        <evaluationMessage>Can player collect arrow?</evaluationMessage>
                  </expectation>
              </instructionResult>
            <instructionResult>
        <instruction>{id='decisionTable_1_4', instruction='call', instanceName='decisionTable_1', methodName='setPlayerX', args=[1]}</instruction>
        <slimResult></slimResult>
                <expectation>
                    <instructionId>decisionTable_1_4</instructionId>
                    <col>0</col>
                              <row>2</row>
                    <type>VoidReturnExpectation</type>
                                      </expectation>
              </instructionResult>
            <instructionResult>
        <instruction>{id='decisionTable_1_5', instruction='call', instanceName='decisionTable_1', methodName='setPlayerY', args=[1]}</instruction>
        <slimResult></slimResult>
                <expectation>
                    <instructionId>decisionTable_1_5</instructionId>
                    <col>1</col>
                              <row>2</row>
                    <type>VoidReturnExpectation</type>
                                      </expectation>
              </instructionResult>
            <instructionResult>
        <instruction>{id='decisionTable_1_6', instruction='call', instanceName='decisionTable_1', methodName='setDirection', args=[N]}</instruction>
        <slimResult></slimResult>
                <expectation>
                    <instructionId>decisionTable_1_6</instructionId>
                    <col>2</col>
                              <row>2</row>
                    <type>VoidReturnExpectation</type>
                                      </expectation>
              </instructionResult>
            <instructionResult>
        <instruction>{id='decisionTable_1_8', instruction='call', instanceName='decisionTable_1', methodName='cavernHasArrow', args=[]}</instruction>
        <slimResult></slimResult>
                <expectation>
                    <status>error</status>
                    <instructionId>decisionTable_1_8</instructionId>
                              <type>ReturnedValueExpectation</type>
                                      </expectation>
              </instructionResult>
            <instructionResult>
        <instruction>{id='decisionTable_1_9', instruction='call', instanceName='decisionTable_1', methodName='arrowCount', args=[]}</instruction>
        <slimResult>fail(a=5;e=6)</slimResult>
                <expectation>
                    <status>fail</status>
                    <instructionId>decisionTable_1_9</instructionId>
                    <col>4</col>
                              <row>2</row>
                    <type>ReturnedValueExpectation</type>
                    <actual>5</actual>
                              <expected>6</expected>
                            </expectation>
              </instructionResult>
            <instructionResult>
        <instruction>{id='decisionTable_1_10', instruction='call', instanceName='decisionTable_1', methodName='resultCavernHasArrows', args=[]}</instruction>
        <slimResult>pass(true)</slimResult>
                <expectation>
                    <status>pass</status>
                    <instructionId>decisionTable_1_10</instructionId>
                    <col>5</col>
                              <row>2</row>
                    <type>ReturnedValueExpectation</type>
                                        <evaluationMessage>true</evaluationMessage>
                  </expectation>
              </instructionResult>
            <instructionResult>
        <instruction>{id='decisionTable_1_12', instruction='call', instanceName='decisionTable_1', methodName='setPlayerX', args=[1]}</instruction>
        <slimResult></slimResult>
                <expectation>
                    <instructionId>decisionTable_1_12</instructionId>
                    <col>0</col>
                              <row>3</row>
                    <type>VoidReturnExpectation</type>
                                      </expectation>
              </instructionResult>
            <instructionResult>
        <instruction>{id='decisionTable_1_13', instruction='call', instanceName='decisionTable_1', methodName='setPlayerY', args=[2]}</instruction>
        <slimResult></slimResult>
                <expectation>
                    <instructionId>decisionTable_1_13</instructionId>
                    <col>1</col>
                              <row>3</row>
                    <type>VoidReturnExpectation</type>
                                      </expectation>
              </instructionResult>
            <instructionResult>
        <instruction>{id='decisionTable_1_14', instruction='call', instanceName='decisionTable_1', methodName='setDirection', args=[N]}</instruction>
        <slimResult></slimResult>
                <expectation>
                    <instructionId>decisionTable_1_14</instructionId>
                    <col>2</col>
                              <row>3</row>
                    <type>VoidReturnExpectation</type>
                                      </expectation>
              </instructionResult>
            <instructionResult>
        <instruction>{id='decisionTable_1_16', instruction='call', instanceName='decisionTable_1', methodName='cavernHasArrow', args=[]}</instruction>
        <slimResult></slimResult>
                <expectation>
                    <status>error</status>
                    <instructionId>decisionTable_1_16</instructionId>
                              <type>ReturnedValueExpectation</type>
                                      </expectation>
              </instructionResult>
            <instructionResult>
        <instruction>{id='decisionTable_1_17', instruction='call', instanceName='decisionTable_1', methodName='arrowCount', args=[]}</instruction>
        <slimResult>fail(a=5;e=6)</slimResult>
                <expectation>
                    <status>fail</status>
                    <instructionId>decisionTable_1_17</instructionId>
                    <col>4</col>
                              <row>3</row>
                    <type>ReturnedValueExpectation</type>
                    <actual>5</actual>
                              <expected>6</expected>
                            </expectation>
              </instructionResult>
            <instructionResult>
        <instruction>{id='decisionTable_1_18', instruction='call', instanceName='decisionTable_1', methodName='resultCavernHasArrows', args=[]}</instruction>
        <slimResult>pass(false)</slimResult>
                <expectation>
                    <status>pass</status>
                    <instructionId>decisionTable_1_18</instructionId>
                    <col>5</col>
                              <row>3</row>
                    <type>ReturnedValueExpectation</type>
                                        <evaluationMessage>false</evaluationMessage>
                  </expectation>
              </instructionResult>
          </instructions>
      </result>
  <executionLog>
    <testSystem>slim:fitnesse.slim.SlimService</testSystem>
    <command>java -cp /Users/arthurphidd/Desktop/fitnesse-standalone.jar:/Users/arthurphidd/Desktop/Web Development/WumpusHunter2-TheReckoning/bin fitnesse.slim.SlimService 1</command>
    <exitCode>0</exitCode>
    <stdOut></stdOut>
    <stdErr></stdErr>
  </executionLog>
  <finalCounts>
    <right>0</right>
    <wrong>1</wrong>
    <ignores>0</ignores>
    <exceptions>0</exceptions>
  </finalCounts>
  <totalRunTimeInMillis>691</totalRunTimeInMillis>
</testResults>

