<?xml version="1.0"?>
<testResults>
  <FitNesseVersion>v20180127</FitNesseVersion>
  <rootPath>CavernAttributes.PopulateMap</rootPath>
    <result>
    <counts>
      <right>0</right>
      <wrong>0</wrong>
      <ignores>0</ignores>
      <exceptions>1</exceptions>
    </counts>
    <date>2018-02-08T05:45:22-05:00</date>
    <runTimeInMillis>2</runTimeInMillis>
    <content>&lt;br/&gt;&amp;lt;test page&amp;gt;&lt;br/&gt;&lt;br/&gt;&lt;br/&gt;&lt;table&gt;
	&lt;tr&gt;
		&lt;td colspan="3" class="error"&gt;Populate the map?&lt;hr/&gt; &lt;span class="fit_label"&gt;Could not find fixture: PopulateTheMap.&lt;/span&gt;&lt;/td&gt;
	&lt;/tr&gt;
	&lt;tr&gt;
		&lt;td&gt;TotalNumberOfCaverns&lt;/td&gt;
		&lt;td&gt;BoundaryCaverns&lt;/td&gt;
		&lt;td&gt;Number of caverns?&lt;/td&gt;
	&lt;/tr&gt;
	&lt;tr&gt;
		&lt;td&gt;25&lt;/td&gt;
		&lt;td&gt;16&lt;/td&gt;
		&lt;td&gt;9&lt;/td&gt;
	&lt;/tr&gt;
&lt;/table&gt;
</content>
    <relativePageName>PopulateMap</relativePageName>
          </result>
  <executionLog>
    <testSystem>fit:fit.FitServer</testSystem>
    <command>java -cp /Users/arthurphidd/Desktop/fitnesse-standalone.jar fit.FitServer Arthurs-MacBook-Pro-2.local 65360 3863</command>
    <exitCode>1</exitCode>
    <stdOut></stdOut>
    <stdErr></stdErr>
  </executionLog>
  <finalCounts>
    <right>0</right>
    <wrong>0</wrong>
    <ignores>0</ignores>
    <exceptions>1</exceptions>
  </finalCounts>
  <totalRunTimeInMillis>1550</totalRunTimeInMillis>
</testResults>

