<?xml version="1.0"?>
<testResults>
  <FitNesseVersion>v20180127</FitNesseVersion>
  <rootPath>ArrowAttributes.ArrowMovement</rootPath>
    <result>
    <counts>
      <right>8</right>
      <wrong>0</wrong>
      <ignores>0</ignores>
      <exceptions>0</exceptions>
    </counts>
    <date>2018-02-08T09:28:18-05:00</date>
    <runTimeInMillis>143</runTimeInMillis>
    <content>&lt;br/&gt;&amp;lt;test page&amp;gt;&lt;br/&gt;&lt;br/&gt;&lt;table&gt;
	&lt;tr class="slimRowTitle"&gt;
		&lt;td&gt;import&lt;/td&gt;
	&lt;/tr&gt;
	&lt;tr class="slimRowColor0"&gt;
		&lt;td&gt;&lt;span class="pass"&gt;fixtures&lt;/span&gt;&lt;/td&gt;
	&lt;/tr&gt;
&lt;/table&gt;
&lt;br/&gt;&lt;table&gt;
	&lt;tr&gt;
		&lt;td colspan="5"&gt;&lt;span class="pass"&gt;Arrow Movement&lt;/span&gt;&lt;/td&gt;
	&lt;/tr&gt;
	&lt;tr&gt;
		&lt;td&gt;playerX&lt;/td&gt;
		&lt;td&gt;playerY&lt;/td&gt;
		&lt;td&gt;direction&lt;/td&gt;
		&lt;td&gt;arrowX?&lt;/td&gt;
		&lt;td&gt;arrowY?&lt;/td&gt;
	&lt;/tr&gt;
	&lt;tr&gt;
		&lt;td&gt;1&lt;/td&gt;
		&lt;td&gt;1&lt;/td&gt;
		&lt;td&gt;E&lt;/td&gt;
		&lt;td&gt;&lt;span class="pass"&gt;3&lt;/span&gt;&lt;/td&gt;
		&lt;td&gt;&lt;span class="pass"&gt;1&lt;/span&gt;&lt;/td&gt;
	&lt;/tr&gt;
	&lt;tr&gt;
		&lt;td&gt;1&lt;/td&gt;
		&lt;td&gt;1&lt;/td&gt;
		&lt;td&gt;N&lt;/td&gt;
		&lt;td&gt;&lt;span class="pass"&gt;1&lt;/span&gt;&lt;/td&gt;
		&lt;td&gt;&lt;span class="pass"&gt;3&lt;/span&gt;&lt;/td&gt;
	&lt;/tr&gt;
	&lt;tr&gt;
		&lt;td&gt;3&lt;/td&gt;
		&lt;td&gt;2&lt;/td&gt;
		&lt;td&gt;S&lt;/td&gt;
		&lt;td&gt;&lt;span class="pass"&gt;3&lt;/span&gt;&lt;/td&gt;
		&lt;td&gt;&lt;span class="pass"&gt;1&lt;/span&gt;&lt;/td&gt;
	&lt;/tr&gt;
	&lt;tr&gt;
		&lt;td&gt;2&lt;/td&gt;
		&lt;td&gt;3&lt;/td&gt;
		&lt;td&gt;W&lt;/td&gt;
		&lt;td&gt;&lt;span class="pass"&gt;1&lt;/span&gt;&lt;/td&gt;
		&lt;td&gt;&lt;span class="pass"&gt;3&lt;/span&gt;&lt;/td&gt;
	&lt;/tr&gt;
&lt;/table&gt;
</content>
    <relativePageName>ArrowMovement</relativePageName>
            <instructions>
            <instructionResult>
        <instruction>{id='import_0_0', instruction='import', path='fixtures'}</instruction>
        <slimResult>pass(fixtures)</slimResult>
                <expectation>
                    <status>pass</status>
                    <instructionId>import_0_0</instructionId>
                    <col>0</col>
                              <row>1</row>
                    <type>ImportExpectation</type>
                                        <evaluationMessage>fixtures</evaluationMessage>
                  </expectation>
              </instructionResult>
            <instructionResult>
        <instruction>{id='decisionTable_1_0', instruction='make', instanceName='decisionTable_1', className='ArrowMovement', args=[]}</instruction>
        <slimResult>pass(Arrow Movement)</slimResult>
                <expectation>
                    <status>pass</status>
                    <instructionId>decisionTable_1_0</instructionId>
                    <col>0</col>
                              <row>0</row>
                    <type>ConstructionExpectation</type>
                                        <evaluationMessage>Arrow Movement</evaluationMessage>
                  </expectation>
              </instructionResult>
            <instructionResult>
        <instruction>{id='decisionTable_1_4', instruction='call', instanceName='decisionTable_1', methodName='setPlayerX', args=[1]}</instruction>
        <slimResult></slimResult>
                <expectation>
                    <instructionId>decisionTable_1_4</instructionId>
                    <col>0</col>
                              <row>2</row>
                    <type>VoidReturnExpectation</type>
                                      </expectation>
              </instructionResult>
            <instructionResult>
        <instruction>{id='decisionTable_1_5', instruction='call', instanceName='decisionTable_1', methodName='setPlayerY', args=[1]}</instruction>
        <slimResult></slimResult>
                <expectation>
                    <instructionId>decisionTable_1_5</instructionId>
                    <col>1</col>
                              <row>2</row>
                    <type>VoidReturnExpectation</type>
                                      </expectation>
              </instructionResult>
            <instructionResult>
        <instruction>{id='decisionTable_1_6', instruction='call', instanceName='decisionTable_1', methodName='setDirection', args=[E]}</instruction>
        <slimResult></slimResult>
                <expectation>
                    <instructionId>decisionTable_1_6</instructionId>
                    <col>2</col>
                              <row>2</row>
                    <type>VoidReturnExpectation</type>
                                      </expectation>
              </instructionResult>
            <instructionResult>
        <instruction>{id='decisionTable_1_8', instruction='call', instanceName='decisionTable_1', methodName='arrowX', args=[]}</instruction>
        <slimResult>pass(3)</slimResult>
                <expectation>
                    <status>pass</status>
                    <instructionId>decisionTable_1_8</instructionId>
                    <col>3</col>
                              <row>2</row>
                    <type>ReturnedValueExpectation</type>
                                        <evaluationMessage>3</evaluationMessage>
                  </expectation>
              </instructionResult>
            <instructionResult>
        <instruction>{id='decisionTable_1_9', instruction='call', instanceName='decisionTable_1', methodName='arrowY', args=[]}</instruction>
        <slimResult>pass(1)</slimResult>
                <expectation>
                    <status>pass</status>
                    <instructionId>decisionTable_1_9</instructionId>
                    <col>4</col>
                              <row>2</row>
                    <type>ReturnedValueExpectation</type>
                                        <evaluationMessage>1</evaluationMessage>
                  </expectation>
              </instructionResult>
            <instructionResult>
        <instruction>{id='decisionTable_1_11', instruction='call', instanceName='decisionTable_1', methodName='setPlayerX', args=[1]}</instruction>
        <slimResult></slimResult>
                <expectation>
                    <instructionId>decisionTable_1_11</instructionId>
                    <col>0</col>
                              <row>3</row>
                    <type>VoidReturnExpectation</type>
                                      </expectation>
              </instructionResult>
            <instructionResult>
        <instruction>{id='decisionTable_1_12', instruction='call', instanceName='decisionTable_1', methodName='setPlayerY', args=[1]}</instruction>
        <slimResult></slimResult>
                <expectation>
                    <instructionId>decisionTable_1_12</instructionId>
                    <col>1</col>
                              <row>3</row>
                    <type>VoidReturnExpectation</type>
                                      </expectation>
              </instructionResult>
            <instructionResult>
        <instruction>{id='decisionTable_1_13', instruction='call', instanceName='decisionTable_1', methodName='setDirection', args=[N]}</instruction>
        <slimResult></slimResult>
                <expectation>
                    <instructionId>decisionTable_1_13</instructionId>
                    <col>2</col>
                              <row>3</row>
                    <type>VoidReturnExpectation</type>
                                      </expectation>
              </instructionResult>
            <instructionResult>
        <instruction>{id='decisionTable_1_15', instruction='call', instanceName='decisionTable_1', methodName='arrowX', args=[]}</instruction>
        <slimResult>pass(1)</slimResult>
                <expectation>
                    <status>pass</status>
                    <instructionId>decisionTable_1_15</instructionId>
                    <col>3</col>
                              <row>3</row>
                    <type>ReturnedValueExpectation</type>
                                        <evaluationMessage>1</evaluationMessage>
                  </expectation>
              </instructionResult>
            <instructionResult>
        <instruction>{id='decisionTable_1_16', instruction='call', instanceName='decisionTable_1', methodName='arrowY', args=[]}</instruction>
        <slimResult>pass(3)</slimResult>
                <expectation>
                    <status>pass</status>
                    <instructionId>decisionTable_1_16</instructionId>
                    <col>4</col>
                              <row>3</row>
                    <type>ReturnedValueExpectation</type>
                                        <evaluationMessage>3</evaluationMessage>
                  </expectation>
              </instructionResult>
            <instructionResult>
        <instruction>{id='decisionTable_1_18', instruction='call', instanceName='decisionTable_1', methodName='setPlayerX', args=[3]}</instruction>
        <slimResult></slimResult>
                <expectation>
                    <instructionId>decisionTable_1_18</instructionId>
                    <col>0</col>
                              <row>4</row>
                    <type>VoidReturnExpectation</type>
                                      </expectation>
              </instructionResult>
            <instructionResult>
        <instruction>{id='decisionTable_1_19', instruction='call', instanceName='decisionTable_1', methodName='setPlayerY', args=[2]}</instruction>
        <slimResult></slimResult>
                <expectation>
                    <instructionId>decisionTable_1_19</instructionId>
                    <col>1</col>
                              <row>4</row>
                    <type>VoidReturnExpectation</type>
                                      </expectation>
              </instructionResult>
            <instructionResult>
        <instruction>{id='decisionTable_1_20', instruction='call', instanceName='decisionTable_1', methodName='setDirection', args=[S]}</instruction>
        <slimResult></slimResult>
                <expectation>
                    <instructionId>decisionTable_1_20</instructionId>
                    <col>2</col>
                              <row>4</row>
                    <type>VoidReturnExpectation</type>
                                      </expectation>
              </instructionResult>
            <instructionResult>
        <instruction>{id='decisionTable_1_22', instruction='call', instanceName='decisionTable_1', methodName='arrowX', args=[]}</instruction>
        <slimResult>pass(3)</slimResult>
                <expectation>
                    <status>pass</status>
                    <instructionId>decisionTable_1_22</instructionId>
                    <col>3</col>
                              <row>4</row>
                    <type>ReturnedValueExpectation</type>
                                        <evaluationMessage>3</evaluationMessage>
                  </expectation>
              </instructionResult>
            <instructionResult>
        <instruction>{id='decisionTable_1_23', instruction='call', instanceName='decisionTable_1', methodName='arrowY', args=[]}</instruction>
        <slimResult>pass(1)</slimResult>
                <expectation>
                    <status>pass</status>
                    <instructionId>decisionTable_1_23</instructionId>
                    <col>4</col>
                              <row>4</row>
                    <type>ReturnedValueExpectation</type>
                                        <evaluationMessage>1</evaluationMessage>
                  </expectation>
              </instructionResult>
            <instructionResult>
        <instruction>{id='decisionTable_1_25', instruction='call', instanceName='decisionTable_1', methodName='setPlayerX', args=[2]}</instruction>
        <slimResult></slimResult>
                <expectation>
                    <instructionId>decisionTable_1_25</instructionId>
                    <col>0</col>
                              <row>5</row>
                    <type>VoidReturnExpectation</type>
                                      </expectation>
              </instructionResult>
            <instructionResult>
        <instruction>{id='decisionTable_1_26', instruction='call', instanceName='decisionTable_1', methodName='setPlayerY', args=[3]}</instruction>
        <slimResult></slimResult>
                <expectation>
                    <instructionId>decisionTable_1_26</instructionId>
                    <col>1</col>
                              <row>5</row>
                    <type>VoidReturnExpectation</type>
                                      </expectation>
              </instructionResult>
            <instructionResult>
        <instruction>{id='decisionTable_1_27', instruction='call', instanceName='decisionTable_1', methodName='setDirection', args=[W]}</instruction>
        <slimResult></slimResult>
                <expectation>
                    <instructionId>decisionTable_1_27</instructionId>
                    <col>2</col>
                              <row>5</row>
                    <type>VoidReturnExpectation</type>
                                      </expectation>
              </instructionResult>
            <instructionResult>
        <instruction>{id='decisionTable_1_29', instruction='call', instanceName='decisionTable_1', methodName='arrowX', args=[]}</instruction>
        <slimResult>pass(1)</slimResult>
                <expectation>
                    <status>pass</status>
                    <instructionId>decisionTable_1_29</instructionId>
                    <col>3</col>
                              <row>5</row>
                    <type>ReturnedValueExpectation</type>
                                        <evaluationMessage>1</evaluationMessage>
                  </expectation>
              </instructionResult>
            <instructionResult>
        <instruction>{id='decisionTable_1_30', instruction='call', instanceName='decisionTable_1', methodName='arrowY', args=[]}</instruction>
        <slimResult>pass(3)</slimResult>
                <expectation>
                    <status>pass</status>
                    <instructionId>decisionTable_1_30</instructionId>
                    <col>4</col>
                              <row>5</row>
                    <type>ReturnedValueExpectation</type>
                                        <evaluationMessage>3</evaluationMessage>
                  </expectation>
              </instructionResult>
          </instructions>
      </result>
  <executionLog>
    <testSystem>slim:fitnesse.slim.SlimService</testSystem>
    <command>java -cp /Users/arthurphidd/Desktop/fitnesse-standalone.jar:/Users/arthurphidd/Desktop/Web Development/WumpusHunter2-TheReckoning/bin fitnesse.slim.SlimService 1</command>
    <exitCode>0</exitCode>
    <stdOut>You shoot an arrow.
You shoot an arrow.
You shoot an arrow.
You shoot an arrow.
</stdOut>
    <stdErr></stdErr>
  </executionLog>
  <finalCounts>
    <right>1</right>
    <wrong>0</wrong>
    <ignores>0</ignores>
    <exceptions>0</exceptions>
  </finalCounts>
  <totalRunTimeInMillis>453</totalRunTimeInMillis>
</testResults>

