<?xml version="1.0"?>
<testResults>
  <FitNesseVersion>v20180127</FitNesseVersion>
  <rootPath>CavernAttributes.HasPit</rootPath>
    <result>
    <counts>
      <right>0</right>
      <wrong>0</wrong>
      <ignores>0</ignores>
      <exceptions>27</exceptions>
    </counts>
    <date>2018-02-07T09:38:50-05:00</date>
    <runTimeInMillis>172</runTimeInMillis>
    <content>&lt;br/&gt;&amp;lt;test page&amp;gt;&lt;br/&gt;&lt;br/&gt;&lt;br/&gt;&lt;br/&gt;&lt;br/&gt;&lt;table&gt;
	&lt;tr class="slimRowTitle"&gt;
		&lt;td&gt;import&lt;/td&gt;
	&lt;/tr&gt;
	&lt;tr class="slimRowColor0"&gt;
		&lt;td&gt;&lt;span class="pass"&gt;fixtures&lt;/span&gt;&lt;/td&gt;
	&lt;/tr&gt;
&lt;/table&gt;
&lt;br/&gt;&lt;br/&gt;&lt;table&gt;
	&lt;tr&gt;
		&lt;td colspan="3"&gt;&lt;span class="pass"&gt;Does the cavern have a pit?&lt;/span&gt;&lt;/td&gt;
	&lt;/tr&gt;
	&lt;tr&gt;
		&lt;td&gt;x&lt;/td&gt;
		&lt;td&gt;y&lt;/td&gt;
		&lt;td&gt;cavernHasPit?&lt;/td&gt;
	&lt;/tr&gt;
	&lt;tr class="exception closed"&gt;
		&lt;td class="error"&gt;0 &lt;span class="error"&gt;Method setX[1] not found in fixtures.DoesTheCavernHaveAPit.&lt;/span&gt;&lt;/td&gt;
		&lt;td class="error"&gt;0 &lt;span class="error"&gt;Method setY[1] not found in fixtures.DoesTheCavernHaveAPit.&lt;/span&gt;&lt;/td&gt;
		&lt;td class="error"&gt;false&lt;/td&gt;
	&lt;/tr&gt;&lt;tr class="exception-detail closed-detail"&gt;&lt;td colspan="3"&gt;&lt;pre&gt;__EXCEPTION__:java.lang.NullPointerException
	at fixtures.DoesTheCavernHaveAPit.cavernHasPit(DoesTheCavernHaveAPit.java:20) [file:/Users/arthurphidd/Desktop/Web%20Development/WumpusHunter2-TheReckoning/bin/]
	at sun.reflect.NativeMethodAccessorImpl.invoke0(Native Method) [rt.jar:1.8.0_131]
	at sun.reflect.NativeMethodAccessorImpl.invoke(NativeMethodAccessorImpl.java:62) [rt.jar:1.8.0_131]
	at sun.reflect.DelegatingMethodAccessorImpl.invoke(DelegatingMethodAccessorImpl.java:43) [rt.jar:1.8.0_131]
	at java.lang.reflect.Method.invoke(Method.java:498) [rt.jar:1.8.0_131]
	at fitnesse.slim.fixtureInteraction.DefaultInteraction.methodInvoke(DefaultInteraction.java:221) [fitnesse-standalone.jar:20180127]
	at fitnesse.slim.fixtureInteraction.DefaultInteraction.callMethod(DefaultInteraction.java:206) [fitnesse-standalone.jar:20180127]
	at fitnesse.slim.fixtureInteraction.DefaultInteraction.invokeMethod(DefaultInteraction.java:188) [fitnesse-standalone.jar:20180127]
	at fitnesse.slim.fixtureInteraction.DefaultInteraction.findAndInvoke(DefaultInteraction.java:166) [fitnesse-standalone.jar:20180127]
	at fitnesse.slim.MethodExecutor.findAndInvoke(MethodExecutor.java:18) [fitnesse-standalone.jar:20180127]
	at fitnesse.slim.FixtureMethodExecutor.execute(FixtureMethodExecutor.java:18) [fitnesse-standalone.jar:20180127]
	at fitnesse.slim.StatementExecutor.getMethodExecutionResult(StatementExecutor.java:139) [fitnesse-standalone.jar:20180127]
	at fitnesse.slim.StatementExecutor.call(StatementExecutor.java:112) [fitnesse-standalone.jar:20180127]
	at fitnesse.slim.instructions.CallInstruction.executeInternal(CallInstruction.java:35) [fitnesse-standalone.jar:20180127]
	at fitnesse.slim.instructions.Instruction.execute(Instruction.java:29) [fitnesse-standalone.jar:20180127]
	at fitnesse.slim.ListExecutor$Executive.executeStatement(ListExecutor.java:49) [fitnesse-standalone.jar:20180127]
	at fitnesse.slim.ListExecutor$Executive.executeStatements(ListExecutor.java:43) [fitnesse-standalone.jar:20180127]
	at fitnesse.slim.ListExecutor.execute(ListExecutor.java:85) [fitnesse-standalone.jar:20180127]
	at fitnesse.slim.SlimServer.executeInstructions(SlimServer.java:82) [fitnesse-standalone.jar:20180127]
	at fitnesse.slim.SlimServer.processOneSetOfInstructions(SlimServer.java:75) [fitnesse-standalone.jar:20180127]
	at fitnesse.slim.SlimServer.tryProcessInstructions(SlimServer.java:62) [fitnesse-standalone.jar:20180127]
	at fitnesse.slim.SlimServer.serve(SlimServer.java:47) [fitnesse-standalone.jar:20180127]
	at fitnesse.slim.SlimService.handle(SlimService.java:169) [fitnesse-standalone.jar:20180127]
	at fitnesse.slim.SlimService.acceptOne(SlimService.java:177) [fitnesse-standalone.jar:20180127]
	at fitnesse.slim.SlimService.accept(SlimService.java:139) [fitnesse-standalone.jar:20180127]
	at fitnesse.slim.SlimService.startWithFactory(SlimService.java:92) [fitnesse-standalone.jar:20180127]
	at fitnesse.slim.SlimService.main(SlimService.java:57) [fitnesse-standalone.jar:20180127]&lt;/pre&gt;&lt;/td&gt;&lt;/tr&gt;
	&lt;tr class="exception closed"&gt;
		&lt;td class="error"&gt;1 &lt;span class="error"&gt;Method setX[1] not found in fixtures.DoesTheCavernHaveAPit.&lt;/span&gt;&lt;/td&gt;
		&lt;td class="error"&gt;0 &lt;span class="error"&gt;Method setY[1] not found in fixtures.DoesTheCavernHaveAPit.&lt;/span&gt;&lt;/td&gt;
		&lt;td class="error"&gt;false&lt;/td&gt;
	&lt;/tr&gt;&lt;tr class="exception-detail closed-detail"&gt;&lt;td colspan="3"&gt;&lt;pre&gt;__EXCEPTION__:java.lang.NullPointerException
	at fixtures.DoesTheCavernHaveAPit.cavernHasPit(DoesTheCavernHaveAPit.java:20) [file:/Users/arthurphidd/Desktop/Web%20Development/WumpusHunter2-TheReckoning/bin/]
	at sun.reflect.NativeMethodAccessorImpl.invoke0(Native Method) [rt.jar:1.8.0_131]
	at sun.reflect.NativeMethodAccessorImpl.invoke(NativeMethodAccessorImpl.java:62) [rt.jar:1.8.0_131]
	at sun.reflect.DelegatingMethodAccessorImpl.invoke(DelegatingMethodAccessorImpl.java:43) [rt.jar:1.8.0_131]
	at java.lang.reflect.Method.invoke(Method.java:498) [rt.jar:1.8.0_131]
	at fitnesse.slim.fixtureInteraction.DefaultInteraction.methodInvoke(DefaultInteraction.java:221) [fitnesse-standalone.jar:20180127]
	at fitnesse.slim.fixtureInteraction.DefaultInteraction.callMethod(DefaultInteraction.java:206) [fitnesse-standalone.jar:20180127]
	at fitnesse.slim.fixtureInteraction.DefaultInteraction.invokeMethod(DefaultInteraction.java:188) [fitnesse-standalone.jar:20180127]
	at fitnesse.slim.fixtureInteraction.DefaultInteraction.findAndInvoke(DefaultInteraction.java:166) [fitnesse-standalone.jar:20180127]
	at fitnesse.slim.MethodExecutor.findAndInvoke(MethodExecutor.java:18) [fitnesse-standalone.jar:20180127]
	at fitnesse.slim.FixtureMethodExecutor.execute(FixtureMethodExecutor.java:18) [fitnesse-standalone.jar:20180127]
	at fitnesse.slim.StatementExecutor.getMethodExecutionResult(StatementExecutor.java:139) [fitnesse-standalone.jar:20180127]
	at fitnesse.slim.StatementExecutor.call(StatementExecutor.java:112) [fitnesse-standalone.jar:20180127]
	at fitnesse.slim.instructions.CallInstruction.executeInternal(CallInstruction.java:35) [fitnesse-standalone.jar:20180127]
	at fitnesse.slim.instructions.Instruction.execute(Instruction.java:29) [fitnesse-standalone.jar:20180127]
	at fitnesse.slim.ListExecutor$Executive.executeStatement(ListExecutor.java:49) [fitnesse-standalone.jar:20180127]
	at fitnesse.slim.ListExecutor$Executive.executeStatements(ListExecutor.java:43) [fitnesse-standalone.jar:20180127]
	at fitnesse.slim.ListExecutor.execute(ListExecutor.java:85) [fitnesse-standalone.jar:20180127]
	at fitnesse.slim.SlimServer.executeInstructions(SlimServer.java:82) [fitnesse-standalone.jar:20180127]
	at fitnesse.slim.SlimServer.processOneSetOfInstructions(SlimServer.java:75) [fitnesse-standalone.jar:20180127]
	at fitnesse.slim.SlimServer.tryProcessInstructions(SlimServer.java:62) [fitnesse-standalone.jar:20180127]
	at fitnesse.slim.SlimServer.serve(SlimServer.java:47) [fitnesse-standalone.jar:20180127]
	at fitnesse.slim.SlimService.handle(SlimService.java:169) [fitnesse-standalone.jar:20180127]
	at fitnesse.slim.SlimService.acceptOne(SlimService.java:177) [fitnesse-standalone.jar:20180127]
	at fitnesse.slim.SlimService.accept(SlimService.java:139) [fitnesse-standalone.jar:20180127]
	at fitnesse.slim.SlimService.startWithFactory(SlimService.java:92) [fitnesse-standalone.jar:20180127]
	at fitnesse.slim.SlimService.main(SlimService.java:57) [fitnesse-standalone.jar:20180127]&lt;/pre&gt;&lt;/td&gt;&lt;/tr&gt;
	&lt;tr class="exception closed"&gt;
		&lt;td class="error"&gt;2 &lt;span class="error"&gt;Method setX[1] not found in fixtures.DoesTheCavernHaveAPit.&lt;/span&gt;&lt;/td&gt;
		&lt;td class="error"&gt;0 &lt;span class="error"&gt;Method setY[1] not found in fixtures.DoesTheCavernHaveAPit.&lt;/span&gt;&lt;/td&gt;
		&lt;td class="error"&gt;false&lt;/td&gt;
	&lt;/tr&gt;&lt;tr class="exception-detail closed-detail"&gt;&lt;td colspan="3"&gt;&lt;pre&gt;__EXCEPTION__:java.lang.NullPointerException
	at fixtures.DoesTheCavernHaveAPit.cavernHasPit(DoesTheCavernHaveAPit.java:20) [file:/Users/arthurphidd/Desktop/Web%20Development/WumpusHunter2-TheReckoning/bin/]
	at sun.reflect.NativeMethodAccessorImpl.invoke0(Native Method) [rt.jar:1.8.0_131]
	at sun.reflect.NativeMethodAccessorImpl.invoke(NativeMethodAccessorImpl.java:62) [rt.jar:1.8.0_131]
	at sun.reflect.DelegatingMethodAccessorImpl.invoke(DelegatingMethodAccessorImpl.java:43) [rt.jar:1.8.0_131]
	at java.lang.reflect.Method.invoke(Method.java:498) [rt.jar:1.8.0_131]
	at fitnesse.slim.fixtureInteraction.DefaultInteraction.methodInvoke(DefaultInteraction.java:221) [fitnesse-standalone.jar:20180127]
	at fitnesse.slim.fixtureInteraction.DefaultInteraction.callMethod(DefaultInteraction.java:206) [fitnesse-standalone.jar:20180127]
	at fitnesse.slim.fixtureInteraction.DefaultInteraction.invokeMethod(DefaultInteraction.java:188) [fitnesse-standalone.jar:20180127]
	at fitnesse.slim.fixtureInteraction.DefaultInteraction.findAndInvoke(DefaultInteraction.java:166) [fitnesse-standalone.jar:20180127]
	at fitnesse.slim.MethodExecutor.findAndInvoke(MethodExecutor.java:18) [fitnesse-standalone.jar:20180127]
	at fitnesse.slim.FixtureMethodExecutor.execute(FixtureMethodExecutor.java:18) [fitnesse-standalone.jar:20180127]
	at fitnesse.slim.StatementExecutor.getMethodExecutionResult(StatementExecutor.java:139) [fitnesse-standalone.jar:20180127]
	at fitnesse.slim.StatementExecutor.call(StatementExecutor.java:112) [fitnesse-standalone.jar:20180127]
	at fitnesse.slim.instructions.CallInstruction.executeInternal(CallInstruction.java:35) [fitnesse-standalone.jar:20180127]
	at fitnesse.slim.instructions.Instruction.execute(Instruction.java:29) [fitnesse-standalone.jar:20180127]
	at fitnesse.slim.ListExecutor$Executive.executeStatement(ListExecutor.java:49) [fitnesse-standalone.jar:20180127]
	at fitnesse.slim.ListExecutor$Executive.executeStatements(ListExecutor.java:43) [fitnesse-standalone.jar:20180127]
	at fitnesse.slim.ListExecutor.execute(ListExecutor.java:85) [fitnesse-standalone.jar:20180127]
	at fitnesse.slim.SlimServer.executeInstructions(SlimServer.java:82) [fitnesse-standalone.jar:20180127]
	at fitnesse.slim.SlimServer.processOneSetOfInstructions(SlimServer.java:75) [fitnesse-standalone.jar:20180127]
	at fitnesse.slim.SlimServer.tryProcessInstructions(SlimServer.java:62) [fitnesse-standalone.jar:20180127]
	at fitnesse.slim.SlimServer.serve(SlimServer.java:47) [fitnesse-standalone.jar:20180127]
	at fitnesse.slim.SlimService.handle(SlimService.java:169) [fitnesse-standalone.jar:20180127]
	at fitnesse.slim.SlimService.acceptOne(SlimService.java:177) [fitnesse-standalone.jar:20180127]
	at fitnesse.slim.SlimService.accept(SlimService.java:139) [fitnesse-standalone.jar:20180127]
	at fitnesse.slim.SlimService.startWithFactory(SlimService.java:92) [fitnesse-standalone.jar:20180127]
	at fitnesse.slim.SlimService.main(SlimService.java:57) [fitnesse-standalone.jar:20180127]&lt;/pre&gt;&lt;/td&gt;&lt;/tr&gt;
	&lt;tr class="exception closed"&gt;
		&lt;td class="error"&gt;2 &lt;span class="error"&gt;Method setX[1] not found in fixtures.DoesTheCavernHaveAPit.&lt;/span&gt;&lt;/td&gt;
		&lt;td class="error"&gt;2 &lt;span class="error"&gt;Method setY[1] not found in fixtures.DoesTheCavernHaveAPit.&lt;/span&gt;&lt;/td&gt;
		&lt;td class="error"&gt;true&lt;/td&gt;
	&lt;/tr&gt;&lt;tr class="exception-detail closed-detail"&gt;&lt;td colspan="3"&gt;&lt;pre&gt;__EXCEPTION__:java.lang.NullPointerException
	at fixtures.DoesTheCavernHaveAPit.cavernHasPit(DoesTheCavernHaveAPit.java:20) [file:/Users/arthurphidd/Desktop/Web%20Development/WumpusHunter2-TheReckoning/bin/]
	at sun.reflect.NativeMethodAccessorImpl.invoke0(Native Method) [rt.jar:1.8.0_131]
	at sun.reflect.NativeMethodAccessorImpl.invoke(NativeMethodAccessorImpl.java:62) [rt.jar:1.8.0_131]
	at sun.reflect.DelegatingMethodAccessorImpl.invoke(DelegatingMethodAccessorImpl.java:43) [rt.jar:1.8.0_131]
	at java.lang.reflect.Method.invoke(Method.java:498) [rt.jar:1.8.0_131]
	at fitnesse.slim.fixtureInteraction.DefaultInteraction.methodInvoke(DefaultInteraction.java:221) [fitnesse-standalone.jar:20180127]
	at fitnesse.slim.fixtureInteraction.DefaultInteraction.callMethod(DefaultInteraction.java:206) [fitnesse-standalone.jar:20180127]
	at fitnesse.slim.fixtureInteraction.DefaultInteraction.invokeMethod(DefaultInteraction.java:188) [fitnesse-standalone.jar:20180127]
	at fitnesse.slim.fixtureInteraction.DefaultInteraction.findAndInvoke(DefaultInteraction.java:166) [fitnesse-standalone.jar:20180127]
	at fitnesse.slim.MethodExecutor.findAndInvoke(MethodExecutor.java:18) [fitnesse-standalone.jar:20180127]
	at fitnesse.slim.FixtureMethodExecutor.execute(FixtureMethodExecutor.java:18) [fitnesse-standalone.jar:20180127]
	at fitnesse.slim.StatementExecutor.getMethodExecutionResult(StatementExecutor.java:139) [fitnesse-standalone.jar:20180127]
	at fitnesse.slim.StatementExecutor.call(StatementExecutor.java:112) [fitnesse-standalone.jar:20180127]
	at fitnesse.slim.instructions.CallInstruction.executeInternal(CallInstruction.java:35) [fitnesse-standalone.jar:20180127]
	at fitnesse.slim.instructions.Instruction.execute(Instruction.java:29) [fitnesse-standalone.jar:20180127]
	at fitnesse.slim.ListExecutor$Executive.executeStatement(ListExecutor.java:49) [fitnesse-standalone.jar:20180127]
	at fitnesse.slim.ListExecutor$Executive.executeStatements(ListExecutor.java:43) [fitnesse-standalone.jar:20180127]
	at fitnesse.slim.ListExecutor.execute(ListExecutor.java:85) [fitnesse-standalone.jar:20180127]
	at fitnesse.slim.SlimServer.executeInstructions(SlimServer.java:82) [fitnesse-standalone.jar:20180127]
	at fitnesse.slim.SlimServer.processOneSetOfInstructions(SlimServer.java:75) [fitnesse-standalone.jar:20180127]
	at fitnesse.slim.SlimServer.tryProcessInstructions(SlimServer.java:62) [fitnesse-standalone.jar:20180127]
	at fitnesse.slim.SlimServer.serve(SlimServer.java:47) [fitnesse-standalone.jar:20180127]
	at fitnesse.slim.SlimService.handle(SlimService.java:169) [fitnesse-standalone.jar:20180127]
	at fitnesse.slim.SlimService.acceptOne(SlimService.java:177) [fitnesse-standalone.jar:20180127]
	at fitnesse.slim.SlimService.accept(SlimService.java:139) [fitnesse-standalone.jar:20180127]
	at fitnesse.slim.SlimService.startWithFactory(SlimService.java:92) [fitnesse-standalone.jar:20180127]
	at fitnesse.slim.SlimService.main(SlimService.java:57) [fitnesse-standalone.jar:20180127]&lt;/pre&gt;&lt;/td&gt;&lt;/tr&gt;
	&lt;tr class="exception closed"&gt;
		&lt;td class="error"&gt;1 &lt;span class="error"&gt;Method setX[1] not found in fixtures.DoesTheCavernHaveAPit.&lt;/span&gt;&lt;/td&gt;
		&lt;td class="error"&gt;1 &lt;span class="error"&gt;Method setY[1] not found in fixtures.DoesTheCavernHaveAPit.&lt;/span&gt;&lt;/td&gt;
		&lt;td class="error"&gt;false&lt;/td&gt;
	&lt;/tr&gt;&lt;tr class="exception-detail closed-detail"&gt;&lt;td colspan="3"&gt;&lt;pre&gt;__EXCEPTION__:java.lang.NullPointerException
	at fixtures.DoesTheCavernHaveAPit.cavernHasPit(DoesTheCavernHaveAPit.java:20) [file:/Users/arthurphidd/Desktop/Web%20Development/WumpusHunter2-TheReckoning/bin/]
	at sun.reflect.NativeMethodAccessorImpl.invoke0(Native Method) [rt.jar:1.8.0_131]
	at sun.reflect.NativeMethodAccessorImpl.invoke(NativeMethodAccessorImpl.java:62) [rt.jar:1.8.0_131]
	at sun.reflect.DelegatingMethodAccessorImpl.invoke(DelegatingMethodAccessorImpl.java:43) [rt.jar:1.8.0_131]
	at java.lang.reflect.Method.invoke(Method.java:498) [rt.jar:1.8.0_131]
	at fitnesse.slim.fixtureInteraction.DefaultInteraction.methodInvoke(DefaultInteraction.java:221) [fitnesse-standalone.jar:20180127]
	at fitnesse.slim.fixtureInteraction.DefaultInteraction.callMethod(DefaultInteraction.java:206) [fitnesse-standalone.jar:20180127]
	at fitnesse.slim.fixtureInteraction.DefaultInteraction.invokeMethod(DefaultInteraction.java:188) [fitnesse-standalone.jar:20180127]
	at fitnesse.slim.fixtureInteraction.DefaultInteraction.findAndInvoke(DefaultInteraction.java:166) [fitnesse-standalone.jar:20180127]
	at fitnesse.slim.MethodExecutor.findAndInvoke(MethodExecutor.java:18) [fitnesse-standalone.jar:20180127]
	at fitnesse.slim.FixtureMethodExecutor.execute(FixtureMethodExecutor.java:18) [fitnesse-standalone.jar:20180127]
	at fitnesse.slim.StatementExecutor.getMethodExecutionResult(StatementExecutor.java:139) [fitnesse-standalone.jar:20180127]
	at fitnesse.slim.StatementExecutor.call(StatementExecutor.java:112) [fitnesse-standalone.jar:20180127]
	at fitnesse.slim.instructions.CallInstruction.executeInternal(CallInstruction.java:35) [fitnesse-standalone.jar:20180127]
	at fitnesse.slim.instructions.Instruction.execute(Instruction.java:29) [fitnesse-standalone.jar:20180127]
	at fitnesse.slim.ListExecutor$Executive.executeStatement(ListExecutor.java:49) [fitnesse-standalone.jar:20180127]
	at fitnesse.slim.ListExecutor$Executive.executeStatements(ListExecutor.java:43) [fitnesse-standalone.jar:20180127]
	at fitnesse.slim.ListExecutor.execute(ListExecutor.java:85) [fitnesse-standalone.jar:20180127]
	at fitnesse.slim.SlimServer.executeInstructions(SlimServer.java:82) [fitnesse-standalone.jar:20180127]
	at fitnesse.slim.SlimServer.processOneSetOfInstructions(SlimServer.java:75) [fitnesse-standalone.jar:20180127]
	at fitnesse.slim.SlimServer.tryProcessInstructions(SlimServer.java:62) [fitnesse-standalone.jar:20180127]
	at fitnesse.slim.SlimServer.serve(SlimServer.java:47) [fitnesse-standalone.jar:20180127]
	at fitnesse.slim.SlimService.handle(SlimService.java:169) [fitnesse-standalone.jar:20180127]
	at fitnesse.slim.SlimService.acceptOne(SlimService.java:177) [fitnesse-standalone.jar:20180127]
	at fitnesse.slim.SlimService.accept(SlimService.java:139) [fitnesse-standalone.jar:20180127]
	at fitnesse.slim.SlimService.startWithFactory(SlimService.java:92) [fitnesse-standalone.jar:20180127]
	at fitnesse.slim.SlimService.main(SlimService.java:57) [fitnesse-standalone.jar:20180127]&lt;/pre&gt;&lt;/td&gt;&lt;/tr&gt;
	&lt;tr class="exception closed"&gt;
		&lt;td class="error"&gt;0 &lt;span class="error"&gt;Method setX[1] not found in fixtures.DoesTheCavernHaveAPit.&lt;/span&gt;&lt;/td&gt;
		&lt;td class="error"&gt;1 &lt;span class="error"&gt;Method setY[1] not found in fixtures.DoesTheCavernHaveAPit.&lt;/span&gt;&lt;/td&gt;
		&lt;td class="error"&gt;false&lt;/td&gt;
	&lt;/tr&gt;&lt;tr class="exception-detail closed-detail"&gt;&lt;td colspan="3"&gt;&lt;pre&gt;__EXCEPTION__:java.lang.NullPointerException
	at fixtures.DoesTheCavernHaveAPit.cavernHasPit(DoesTheCavernHaveAPit.java:20) [file:/Users/arthurphidd/Desktop/Web%20Development/WumpusHunter2-TheReckoning/bin/]
	at sun.reflect.NativeMethodAccessorImpl.invoke0(Native Method) [rt.jar:1.8.0_131]
	at sun.reflect.NativeMethodAccessorImpl.invoke(NativeMethodAccessorImpl.java:62) [rt.jar:1.8.0_131]
	at sun.reflect.DelegatingMethodAccessorImpl.invoke(DelegatingMethodAccessorImpl.java:43) [rt.jar:1.8.0_131]
	at java.lang.reflect.Method.invoke(Method.java:498) [rt.jar:1.8.0_131]
	at fitnesse.slim.fixtureInteraction.DefaultInteraction.methodInvoke(DefaultInteraction.java:221) [fitnesse-standalone.jar:20180127]
	at fitnesse.slim.fixtureInteraction.DefaultInteraction.callMethod(DefaultInteraction.java:206) [fitnesse-standalone.jar:20180127]
	at fitnesse.slim.fixtureInteraction.DefaultInteraction.invokeMethod(DefaultInteraction.java:188) [fitnesse-standalone.jar:20180127]
	at fitnesse.slim.fixtureInteraction.DefaultInteraction.findAndInvoke(DefaultInteraction.java:166) [fitnesse-standalone.jar:20180127]
	at fitnesse.slim.MethodExecutor.findAndInvoke(MethodExecutor.java:18) [fitnesse-standalone.jar:20180127]
	at fitnesse.slim.FixtureMethodExecutor.execute(FixtureMethodExecutor.java:18) [fitnesse-standalone.jar:20180127]
	at fitnesse.slim.StatementExecutor.getMethodExecutionResult(StatementExecutor.java:139) [fitnesse-standalone.jar:20180127]
	at fitnesse.slim.StatementExecutor.call(StatementExecutor.java:112) [fitnesse-standalone.jar:20180127]
	at fitnesse.slim.instructions.CallInstruction.executeInternal(CallInstruction.java:35) [fitnesse-standalone.jar:20180127]
	at fitnesse.slim.instructions.Instruction.execute(Instruction.java:29) [fitnesse-standalone.jar:20180127]
	at fitnesse.slim.ListExecutor$Executive.executeStatement(ListExecutor.java:49) [fitnesse-standalone.jar:20180127]
	at fitnesse.slim.ListExecutor$Executive.executeStatements(ListExecutor.java:43) [fitnesse-standalone.jar:20180127]
	at fitnesse.slim.ListExecutor.execute(ListExecutor.java:85) [fitnesse-standalone.jar:20180127]
	at fitnesse.slim.SlimServer.executeInstructions(SlimServer.java:82) [fitnesse-standalone.jar:20180127]
	at fitnesse.slim.SlimServer.processOneSetOfInstructions(SlimServer.java:75) [fitnesse-standalone.jar:20180127]
	at fitnesse.slim.SlimServer.tryProcessInstructions(SlimServer.java:62) [fitnesse-standalone.jar:20180127]
	at fitnesse.slim.SlimServer.serve(SlimServer.java:47) [fitnesse-standalone.jar:20180127]
	at fitnesse.slim.SlimService.handle(SlimService.java:169) [fitnesse-standalone.jar:20180127]
	at fitnesse.slim.SlimService.acceptOne(SlimService.java:177) [fitnesse-standalone.jar:20180127]
	at fitnesse.slim.SlimService.accept(SlimService.java:139) [fitnesse-standalone.jar:20180127]
	at fitnesse.slim.SlimService.startWithFactory(SlimService.java:92) [fitnesse-standalone.jar:20180127]
	at fitnesse.slim.SlimService.main(SlimService.java:57) [fitnesse-standalone.jar:20180127]&lt;/pre&gt;&lt;/td&gt;&lt;/tr&gt;
	&lt;tr class="exception closed"&gt;
		&lt;td class="error"&gt;0 &lt;span class="error"&gt;Method setX[1] not found in fixtures.DoesTheCavernHaveAPit.&lt;/span&gt;&lt;/td&gt;
		&lt;td class="error"&gt;2 &lt;span class="error"&gt;Method setY[1] not found in fixtures.DoesTheCavernHaveAPit.&lt;/span&gt;&lt;/td&gt;
		&lt;td class="error"&gt;false&lt;/td&gt;
	&lt;/tr&gt;&lt;tr class="exception-detail closed-detail"&gt;&lt;td colspan="3"&gt;&lt;pre&gt;__EXCEPTION__:java.lang.NullPointerException
	at fixtures.DoesTheCavernHaveAPit.cavernHasPit(DoesTheCavernHaveAPit.java:20) [file:/Users/arthurphidd/Desktop/Web%20Development/WumpusHunter2-TheReckoning/bin/]
	at sun.reflect.NativeMethodAccessorImpl.invoke0(Native Method) [rt.jar:1.8.0_131]
	at sun.reflect.NativeMethodAccessorImpl.invoke(NativeMethodAccessorImpl.java:62) [rt.jar:1.8.0_131]
	at sun.reflect.DelegatingMethodAccessorImpl.invoke(DelegatingMethodAccessorImpl.java:43) [rt.jar:1.8.0_131]
	at java.lang.reflect.Method.invoke(Method.java:498) [rt.jar:1.8.0_131]
	at fitnesse.slim.fixtureInteraction.DefaultInteraction.methodInvoke(DefaultInteraction.java:221) [fitnesse-standalone.jar:20180127]
	at fitnesse.slim.fixtureInteraction.DefaultInteraction.callMethod(DefaultInteraction.java:206) [fitnesse-standalone.jar:20180127]
	at fitnesse.slim.fixtureInteraction.DefaultInteraction.invokeMethod(DefaultInteraction.java:188) [fitnesse-standalone.jar:20180127]
	at fitnesse.slim.fixtureInteraction.DefaultInteraction.findAndInvoke(DefaultInteraction.java:166) [fitnesse-standalone.jar:20180127]
	at fitnesse.slim.MethodExecutor.findAndInvoke(MethodExecutor.java:18) [fitnesse-standalone.jar:20180127]
	at fitnesse.slim.FixtureMethodExecutor.execute(FixtureMethodExecutor.java:18) [fitnesse-standalone.jar:20180127]
	at fitnesse.slim.StatementExecutor.getMethodExecutionResult(StatementExecutor.java:139) [fitnesse-standalone.jar:20180127]
	at fitnesse.slim.StatementExecutor.call(StatementExecutor.java:112) [fitnesse-standalone.jar:20180127]
	at fitnesse.slim.instructions.CallInstruction.executeInternal(CallInstruction.java:35) [fitnesse-standalone.jar:20180127]
	at fitnesse.slim.instructions.Instruction.execute(Instruction.java:29) [fitnesse-standalone.jar:20180127]
	at fitnesse.slim.ListExecutor$Executive.executeStatement(ListExecutor.java:49) [fitnesse-standalone.jar:20180127]
	at fitnesse.slim.ListExecutor$Executive.executeStatements(ListExecutor.java:43) [fitnesse-standalone.jar:20180127]
	at fitnesse.slim.ListExecutor.execute(ListExecutor.java:85) [fitnesse-standalone.jar:20180127]
	at fitnesse.slim.SlimServer.executeInstructions(SlimServer.java:82) [fitnesse-standalone.jar:20180127]
	at fitnesse.slim.SlimServer.processOneSetOfInstructions(SlimServer.java:75) [fitnesse-standalone.jar:20180127]
	at fitnesse.slim.SlimServer.tryProcessInstructions(SlimServer.java:62) [fitnesse-standalone.jar:20180127]
	at fitnesse.slim.SlimServer.serve(SlimServer.java:47) [fitnesse-standalone.jar:20180127]
	at fitnesse.slim.SlimService.handle(SlimService.java:169) [fitnesse-standalone.jar:20180127]
	at fitnesse.slim.SlimService.acceptOne(SlimService.java:177) [fitnesse-standalone.jar:20180127]
	at fitnesse.slim.SlimService.accept(SlimService.java:139) [fitnesse-standalone.jar:20180127]
	at fitnesse.slim.SlimService.startWithFactory(SlimService.java:92) [fitnesse-standalone.jar:20180127]
	at fitnesse.slim.SlimService.main(SlimService.java:57) [fitnesse-standalone.jar:20180127]&lt;/pre&gt;&lt;/td&gt;&lt;/tr&gt;
	&lt;tr class="exception closed"&gt;
		&lt;td class="error"&gt;1 &lt;span class="error"&gt;Method setX[1] not found in fixtures.DoesTheCavernHaveAPit.&lt;/span&gt;&lt;/td&gt;
		&lt;td class="error"&gt;2 &lt;span class="error"&gt;Method setY[1] not found in fixtures.DoesTheCavernHaveAPit.&lt;/span&gt;&lt;/td&gt;
		&lt;td class="error"&gt;false&lt;/td&gt;
	&lt;/tr&gt;&lt;tr class="exception-detail closed-detail"&gt;&lt;td colspan="3"&gt;&lt;pre&gt;__EXCEPTION__:java.lang.NullPointerException
	at fixtures.DoesTheCavernHaveAPit.cavernHasPit(DoesTheCavernHaveAPit.java:20) [file:/Users/arthurphidd/Desktop/Web%20Development/WumpusHunter2-TheReckoning/bin/]
	at sun.reflect.NativeMethodAccessorImpl.invoke0(Native Method) [rt.jar:1.8.0_131]
	at sun.reflect.NativeMethodAccessorImpl.invoke(NativeMethodAccessorImpl.java:62) [rt.jar:1.8.0_131]
	at sun.reflect.DelegatingMethodAccessorImpl.invoke(DelegatingMethodAccessorImpl.java:43) [rt.jar:1.8.0_131]
	at java.lang.reflect.Method.invoke(Method.java:498) [rt.jar:1.8.0_131]
	at fitnesse.slim.fixtureInteraction.DefaultInteraction.methodInvoke(DefaultInteraction.java:221) [fitnesse-standalone.jar:20180127]
	at fitnesse.slim.fixtureInteraction.DefaultInteraction.callMethod(DefaultInteraction.java:206) [fitnesse-standalone.jar:20180127]
	at fitnesse.slim.fixtureInteraction.DefaultInteraction.invokeMethod(DefaultInteraction.java:188) [fitnesse-standalone.jar:20180127]
	at fitnesse.slim.fixtureInteraction.DefaultInteraction.findAndInvoke(DefaultInteraction.java:166) [fitnesse-standalone.jar:20180127]
	at fitnesse.slim.MethodExecutor.findAndInvoke(MethodExecutor.java:18) [fitnesse-standalone.jar:20180127]
	at fitnesse.slim.FixtureMethodExecutor.execute(FixtureMethodExecutor.java:18) [fitnesse-standalone.jar:20180127]
	at fitnesse.slim.StatementExecutor.getMethodExecutionResult(StatementExecutor.java:139) [fitnesse-standalone.jar:20180127]
	at fitnesse.slim.StatementExecutor.call(StatementExecutor.java:112) [fitnesse-standalone.jar:20180127]
	at fitnesse.slim.instructions.CallInstruction.executeInternal(CallInstruction.java:35) [fitnesse-standalone.jar:20180127]
	at fitnesse.slim.instructions.Instruction.execute(Instruction.java:29) [fitnesse-standalone.jar:20180127]
	at fitnesse.slim.ListExecutor$Executive.executeStatement(ListExecutor.java:49) [fitnesse-standalone.jar:20180127]
	at fitnesse.slim.ListExecutor$Executive.executeStatements(ListExecutor.java:43) [fitnesse-standalone.jar:20180127]
	at fitnesse.slim.ListExecutor.execute(ListExecutor.java:85) [fitnesse-standalone.jar:20180127]
	at fitnesse.slim.SlimServer.executeInstructions(SlimServer.java:82) [fitnesse-standalone.jar:20180127]
	at fitnesse.slim.SlimServer.processOneSetOfInstructions(SlimServer.java:75) [fitnesse-standalone.jar:20180127]
	at fitnesse.slim.SlimServer.tryProcessInstructions(SlimServer.java:62) [fitnesse-standalone.jar:20180127]
	at fitnesse.slim.SlimServer.serve(SlimServer.java:47) [fitnesse-standalone.jar:20180127]
	at fitnesse.slim.SlimService.handle(SlimService.java:169) [fitnesse-standalone.jar:20180127]
	at fitnesse.slim.SlimService.acceptOne(SlimService.java:177) [fitnesse-standalone.jar:20180127]
	at fitnesse.slim.SlimService.accept(SlimService.java:139) [fitnesse-standalone.jar:20180127]
	at fitnesse.slim.SlimService.startWithFactory(SlimService.java:92) [fitnesse-standalone.jar:20180127]
	at fitnesse.slim.SlimService.main(SlimService.java:57) [fitnesse-standalone.jar:20180127]&lt;/pre&gt;&lt;/td&gt;&lt;/tr&gt;
	&lt;tr class="exception closed"&gt;
		&lt;td class="error"&gt;2 &lt;span class="error"&gt;Method setX[1] not found in fixtures.DoesTheCavernHaveAPit.&lt;/span&gt;&lt;/td&gt;
		&lt;td class="error"&gt;2 &lt;span class="error"&gt;Method setY[1] not found in fixtures.DoesTheCavernHaveAPit.&lt;/span&gt;&lt;/td&gt;
		&lt;td class="error"&gt;true&lt;/td&gt;
	&lt;/tr&gt;&lt;tr class="exception-detail closed-detail"&gt;&lt;td colspan="3"&gt;&lt;pre&gt;__EXCEPTION__:java.lang.NullPointerException
	at fixtures.DoesTheCavernHaveAPit.cavernHasPit(DoesTheCavernHaveAPit.java:20) [file:/Users/arthurphidd/Desktop/Web%20Development/WumpusHunter2-TheReckoning/bin/]
	at sun.reflect.NativeMethodAccessorImpl.invoke0(Native Method) [rt.jar:1.8.0_131]
	at sun.reflect.NativeMethodAccessorImpl.invoke(NativeMethodAccessorImpl.java:62) [rt.jar:1.8.0_131]
	at sun.reflect.DelegatingMethodAccessorImpl.invoke(DelegatingMethodAccessorImpl.java:43) [rt.jar:1.8.0_131]
	at java.lang.reflect.Method.invoke(Method.java:498) [rt.jar:1.8.0_131]
	at fitnesse.slim.fixtureInteraction.DefaultInteraction.methodInvoke(DefaultInteraction.java:221) [fitnesse-standalone.jar:20180127]
	at fitnesse.slim.fixtureInteraction.DefaultInteraction.callMethod(DefaultInteraction.java:206) [fitnesse-standalone.jar:20180127]
	at fitnesse.slim.fixtureInteraction.DefaultInteraction.invokeMethod(DefaultInteraction.java:188) [fitnesse-standalone.jar:20180127]
	at fitnesse.slim.fixtureInteraction.DefaultInteraction.findAndInvoke(DefaultInteraction.java:166) [fitnesse-standalone.jar:20180127]
	at fitnesse.slim.MethodExecutor.findAndInvoke(MethodExecutor.java:18) [fitnesse-standalone.jar:20180127]
	at fitnesse.slim.FixtureMethodExecutor.execute(FixtureMethodExecutor.java:18) [fitnesse-standalone.jar:20180127]
	at fitnesse.slim.StatementExecutor.getMethodExecutionResult(StatementExecutor.java:139) [fitnesse-standalone.jar:20180127]
	at fitnesse.slim.StatementExecutor.call(StatementExecutor.java:112) [fitnesse-standalone.jar:20180127]
	at fitnesse.slim.instructions.CallInstruction.executeInternal(CallInstruction.java:35) [fitnesse-standalone.jar:20180127]
	at fitnesse.slim.instructions.Instruction.execute(Instruction.java:29) [fitnesse-standalone.jar:20180127]
	at fitnesse.slim.ListExecutor$Executive.executeStatement(ListExecutor.java:49) [fitnesse-standalone.jar:20180127]
	at fitnesse.slim.ListExecutor$Executive.executeStatements(ListExecutor.java:43) [fitnesse-standalone.jar:20180127]
	at fitnesse.slim.ListExecutor.execute(ListExecutor.java:85) [fitnesse-standalone.jar:20180127]
	at fitnesse.slim.SlimServer.executeInstructions(SlimServer.java:82) [fitnesse-standalone.jar:20180127]
	at fitnesse.slim.SlimServer.processOneSetOfInstructions(SlimServer.java:75) [fitnesse-standalone.jar:20180127]
	at fitnesse.slim.SlimServer.tryProcessInstructions(SlimServer.java:62) [fitnesse-standalone.jar:20180127]
	at fitnesse.slim.SlimServer.serve(SlimServer.java:47) [fitnesse-standalone.jar:20180127]
	at fitnesse.slim.SlimService.handle(SlimService.java:169) [fitnesse-standalone.jar:20180127]
	at fitnesse.slim.SlimService.acceptOne(SlimService.java:177) [fitnesse-standalone.jar:20180127]
	at fitnesse.slim.SlimService.accept(SlimService.java:139) [fitnesse-standalone.jar:20180127]
	at fitnesse.slim.SlimService.startWithFactory(SlimService.java:92) [fitnesse-standalone.jar:20180127]
	at fitnesse.slim.SlimService.main(SlimService.java:57) [fitnesse-standalone.jar:20180127]&lt;/pre&gt;&lt;/td&gt;&lt;/tr&gt;
&lt;/table&gt;
</content>
    <relativePageName>HasPit</relativePageName>
            <instructions>
            <instructionResult>
        <instruction>{id='import_0_0', instruction='import', path='fixtures'}</instruction>
        <slimResult>pass(fixtures)</slimResult>
                <expectation>
                    <status>pass</status>
                    <instructionId>import_0_0</instructionId>
                    <col>0</col>
                              <row>1</row>
                    <type>ImportExpectation</type>
                                        <evaluationMessage>fixtures</evaluationMessage>
                  </expectation>
              </instructionResult>
            <instructionResult>
        <instruction>{id='decisionTable_1_0', instruction='make', instanceName='decisionTable_1', className='DoesTheCavernHaveAPit', args=[]}</instruction>
        <slimResult>pass(Does the cavern have a pit?)</slimResult>
                <expectation>
                    <status>pass</status>
                    <instructionId>decisionTable_1_0</instructionId>
                    <col>0</col>
                              <row>0</row>
                    <type>ConstructionExpectation</type>
                                        <evaluationMessage>Does the cavern have a pit?</evaluationMessage>
                  </expectation>
              </instructionResult>
            <instructionResult>
        <instruction>{id='decisionTable_1_4', instruction='call', instanceName='decisionTable_1', methodName='setX', args=[0]}</instruction>
        <slimResult></slimResult>
                <expectation>
                    <status>error</status>
                    <instructionId>decisionTable_1_4</instructionId>
                              <type>VoidReturnExpectation</type>
                                        <evaluationMessage>Method setX[1] not found in fixtures.DoesTheCavernHaveAPit.</evaluationMessage>
                  </expectation>
              </instructionResult>
            <instructionResult>
        <instruction>{id='decisionTable_1_5', instruction='call', instanceName='decisionTable_1', methodName='setY', args=[0]}</instruction>
        <slimResult></slimResult>
                <expectation>
                    <status>error</status>
                    <instructionId>decisionTable_1_5</instructionId>
                              <type>VoidReturnExpectation</type>
                                        <evaluationMessage>Method setY[1] not found in fixtures.DoesTheCavernHaveAPit.</evaluationMessage>
                  </expectation>
              </instructionResult>
            <instructionResult>
        <instruction>{id='decisionTable_1_7', instruction='call', instanceName='decisionTable_1', methodName='cavernHasPit', args=[]}</instruction>
        <slimResult></slimResult>
                <expectation>
                    <status>error</status>
                    <instructionId>decisionTable_1_7</instructionId>
                              <type>ReturnedValueExpectation</type>
                                      </expectation>
              </instructionResult>
            <instructionResult>
        <instruction>{id='decisionTable_1_9', instruction='call', instanceName='decisionTable_1', methodName='setX', args=[1]}</instruction>
        <slimResult></slimResult>
                <expectation>
                    <status>error</status>
                    <instructionId>decisionTable_1_9</instructionId>
                              <type>VoidReturnExpectation</type>
                                        <evaluationMessage>Method setX[1] not found in fixtures.DoesTheCavernHaveAPit.</evaluationMessage>
                  </expectation>
              </instructionResult>
            <instructionResult>
        <instruction>{id='decisionTable_1_10', instruction='call', instanceName='decisionTable_1', methodName='setY', args=[0]}</instruction>
        <slimResult></slimResult>
                <expectation>
                    <status>error</status>
                    <instructionId>decisionTable_1_10</instructionId>
                              <type>VoidReturnExpectation</type>
                                        <evaluationMessage>Method setY[1] not found in fixtures.DoesTheCavernHaveAPit.</evaluationMessage>
                  </expectation>
              </instructionResult>
            <instructionResult>
        <instruction>{id='decisionTable_1_12', instruction='call', instanceName='decisionTable_1', methodName='cavernHasPit', args=[]}</instruction>
        <slimResult></slimResult>
                <expectation>
                    <status>error</status>
                    <instructionId>decisionTable_1_12</instructionId>
                              <type>ReturnedValueExpectation</type>
                                      </expectation>
              </instructionResult>
            <instructionResult>
        <instruction>{id='decisionTable_1_14', instruction='call', instanceName='decisionTable_1', methodName='setX', args=[2]}</instruction>
        <slimResult></slimResult>
                <expectation>
                    <status>error</status>
                    <instructionId>decisionTable_1_14</instructionId>
                              <type>VoidReturnExpectation</type>
                                        <evaluationMessage>Method setX[1] not found in fixtures.DoesTheCavernHaveAPit.</evaluationMessage>
                  </expectation>
              </instructionResult>
            <instructionResult>
        <instruction>{id='decisionTable_1_15', instruction='call', instanceName='decisionTable_1', methodName='setY', args=[0]}</instruction>
        <slimResult></slimResult>
                <expectation>
                    <status>error</status>
                    <instructionId>decisionTable_1_15</instructionId>
                              <type>VoidReturnExpectation</type>
                                        <evaluationMessage>Method setY[1] not found in fixtures.DoesTheCavernHaveAPit.</evaluationMessage>
                  </expectation>
              </instructionResult>
            <instructionResult>
        <instruction>{id='decisionTable_1_17', instruction='call', instanceName='decisionTable_1', methodName='cavernHasPit', args=[]}</instruction>
        <slimResult></slimResult>
                <expectation>
                    <status>error</status>
                    <instructionId>decisionTable_1_17</instructionId>
                              <type>ReturnedValueExpectation</type>
                                      </expectation>
              </instructionResult>
            <instructionResult>
        <instruction>{id='decisionTable_1_19', instruction='call', instanceName='decisionTable_1', methodName='setX', args=[2]}</instruction>
        <slimResult></slimResult>
                <expectation>
                    <status>error</status>
                    <instructionId>decisionTable_1_19</instructionId>
                              <type>VoidReturnExpectation</type>
                                        <evaluationMessage>Method setX[1] not found in fixtures.DoesTheCavernHaveAPit.</evaluationMessage>
                  </expectation>
              </instructionResult>
            <instructionResult>
        <instruction>{id='decisionTable_1_20', instruction='call', instanceName='decisionTable_1', methodName='setY', args=[2]}</instruction>
        <slimResult></slimResult>
                <expectation>
                    <status>error</status>
                    <instructionId>decisionTable_1_20</instructionId>
                              <type>VoidReturnExpectation</type>
                                        <evaluationMessage>Method setY[1] not found in fixtures.DoesTheCavernHaveAPit.</evaluationMessage>
                  </expectation>
              </instructionResult>
            <instructionResult>
        <instruction>{id='decisionTable_1_22', instruction='call', instanceName='decisionTable_1', methodName='cavernHasPit', args=[]}</instruction>
        <slimResult></slimResult>
                <expectation>
                    <status>error</status>
                    <instructionId>decisionTable_1_22</instructionId>
                              <type>ReturnedValueExpectation</type>
                                      </expectation>
              </instructionResult>
            <instructionResult>
        <instruction>{id='decisionTable_1_24', instruction='call', instanceName='decisionTable_1', methodName='setX', args=[1]}</instruction>
        <slimResult></slimResult>
                <expectation>
                    <status>error</status>
                    <instructionId>decisionTable_1_24</instructionId>
                              <type>VoidReturnExpectation</type>
                                        <evaluationMessage>Method setX[1] not found in fixtures.DoesTheCavernHaveAPit.</evaluationMessage>
                  </expectation>
              </instructionResult>
            <instructionResult>
        <instruction>{id='decisionTable_1_25', instruction='call', instanceName='decisionTable_1', methodName='setY', args=[1]}</instruction>
        <slimResult></slimResult>
                <expectation>
                    <status>error</status>
                    <instructionId>decisionTable_1_25</instructionId>
                              <type>VoidReturnExpectation</type>
                                        <evaluationMessage>Method setY[1] not found in fixtures.DoesTheCavernHaveAPit.</evaluationMessage>
                  </expectation>
              </instructionResult>
            <instructionResult>
        <instruction>{id='decisionTable_1_27', instruction='call', instanceName='decisionTable_1', methodName='cavernHasPit', args=[]}</instruction>
        <slimResult></slimResult>
                <expectation>
                    <status>error</status>
                    <instructionId>decisionTable_1_27</instructionId>
                              <type>ReturnedValueExpectation</type>
                                      </expectation>
              </instructionResult>
            <instructionResult>
        <instruction>{id='decisionTable_1_29', instruction='call', instanceName='decisionTable_1', methodName='setX', args=[0]}</instruction>
        <slimResult></slimResult>
                <expectation>
                    <status>error</status>
                    <instructionId>decisionTable_1_29</instructionId>
                              <type>VoidReturnExpectation</type>
                                        <evaluationMessage>Method setX[1] not found in fixtures.DoesTheCavernHaveAPit.</evaluationMessage>
                  </expectation>
              </instructionResult>
            <instructionResult>
        <instruction>{id='decisionTable_1_30', instruction='call', instanceName='decisionTable_1', methodName='setY', args=[1]}</instruction>
        <slimResult></slimResult>
                <expectation>
                    <status>error</status>
                    <instructionId>decisionTable_1_30</instructionId>
                              <type>VoidReturnExpectation</type>
                                        <evaluationMessage>Method setY[1] not found in fixtures.DoesTheCavernHaveAPit.</evaluationMessage>
                  </expectation>
              </instructionResult>
            <instructionResult>
        <instruction>{id='decisionTable_1_32', instruction='call', instanceName='decisionTable_1', methodName='cavernHasPit', args=[]}</instruction>
        <slimResult></slimResult>
                <expectation>
                    <status>error</status>
                    <instructionId>decisionTable_1_32</instructionId>
                              <type>ReturnedValueExpectation</type>
                                      </expectation>
              </instructionResult>
            <instructionResult>
        <instruction>{id='decisionTable_1_34', instruction='call', instanceName='decisionTable_1', methodName='setX', args=[0]}</instruction>
        <slimResult></slimResult>
                <expectation>
                    <status>error</status>
                    <instructionId>decisionTable_1_34</instructionId>
                              <type>VoidReturnExpectation</type>
                                        <evaluationMessage>Method setX[1] not found in fixtures.DoesTheCavernHaveAPit.</evaluationMessage>
                  </expectation>
              </instructionResult>
            <instructionResult>
        <instruction>{id='decisionTable_1_35', instruction='call', instanceName='decisionTable_1', methodName='setY', args=[2]}</instruction>
        <slimResult></slimResult>
                <expectation>
                    <status>error</status>
                    <instructionId>decisionTable_1_35</instructionId>
                              <type>VoidReturnExpectation</type>
                                        <evaluationMessage>Method setY[1] not found in fixtures.DoesTheCavernHaveAPit.</evaluationMessage>
                  </expectation>
              </instructionResult>
            <instructionResult>
        <instruction>{id='decisionTable_1_37', instruction='call', instanceName='decisionTable_1', methodName='cavernHasPit', args=[]}</instruction>
        <slimResult></slimResult>
                <expectation>
                    <status>error</status>
                    <instructionId>decisionTable_1_37</instructionId>
                              <type>ReturnedValueExpectation</type>
                                      </expectation>
              </instructionResult>
            <instructionResult>
        <instruction>{id='decisionTable_1_39', instruction='call', instanceName='decisionTable_1', methodName='setX', args=[1]}</instruction>
        <slimResult></slimResult>
                <expectation>
                    <status>error</status>
                    <instructionId>decisionTable_1_39</instructionId>
                              <type>VoidReturnExpectation</type>
                                        <evaluationMessage>Method setX[1] not found in fixtures.DoesTheCavernHaveAPit.</evaluationMessage>
                  </expectation>
              </instructionResult>
            <instructionResult>
        <instruction>{id='decisionTable_1_40', instruction='call', instanceName='decisionTable_1', methodName='setY', args=[2]}</instruction>
        <slimResult></slimResult>
                <expectation>
                    <status>error</status>
                    <instructionId>decisionTable_1_40</instructionId>
                              <type>VoidReturnExpectation</type>
                                        <evaluationMessage>Method setY[1] not found in fixtures.DoesTheCavernHaveAPit.</evaluationMessage>
                  </expectation>
              </instructionResult>
            <instructionResult>
        <instruction>{id='decisionTable_1_42', instruction='call', instanceName='decisionTable_1', methodName='cavernHasPit', args=[]}</instruction>
        <slimResult></slimResult>
                <expectation>
                    <status>error</status>
                    <instructionId>decisionTable_1_42</instructionId>
                              <type>ReturnedValueExpectation</type>
                                      </expectation>
              </instructionResult>
            <instructionResult>
        <instruction>{id='decisionTable_1_44', instruction='call', instanceName='decisionTable_1', methodName='setX', args=[2]}</instruction>
        <slimResult></slimResult>
                <expectation>
                    <status>error</status>
                    <instructionId>decisionTable_1_44</instructionId>
                              <type>VoidReturnExpectation</type>
                                        <evaluationMessage>Method setX[1] not found in fixtures.DoesTheCavernHaveAPit.</evaluationMessage>
                  </expectation>
              </instructionResult>
            <instructionResult>
        <instruction>{id='decisionTable_1_45', instruction='call', instanceName='decisionTable_1', methodName='setY', args=[2]}</instruction>
        <slimResult></slimResult>
                <expectation>
                    <status>error</status>
                    <instructionId>decisionTable_1_45</instructionId>
                              <type>VoidReturnExpectation</type>
                                        <evaluationMessage>Method setY[1] not found in fixtures.DoesTheCavernHaveAPit.</evaluationMessage>
                  </expectation>
              </instructionResult>
            <instructionResult>
        <instruction>{id='decisionTable_1_47', instruction='call', instanceName='decisionTable_1', methodName='cavernHasPit', args=[]}</instruction>
        <slimResult></slimResult>
                <expectation>
                    <status>error</status>
                    <instructionId>decisionTable_1_47</instructionId>
                              <type>ReturnedValueExpectation</type>
                                      </expectation>
              </instructionResult>
          </instructions>
      </result>
  <executionLog>
    <testSystem>slim:fitnesse.slim.SlimService</testSystem>
    <command>java -cp /Users/arthurphidd/Desktop/fitnesse-standalone.jar:/Users/arthurphidd/Desktop/Web Development/WumpusHunter2-TheReckoning/bin fitnesse.slim.SlimService 1</command>
    <exitCode>0</exitCode>
    <stdOut></stdOut>
    <stdErr></stdErr>
  </executionLog>
  <finalCounts>
    <right>0</right>
    <wrong>0</wrong>
    <ignores>0</ignores>
    <exceptions>1</exceptions>
  </finalCounts>
  <totalRunTimeInMillis>677</totalRunTimeInMillis>
</testResults>

