<?xml version="1.0"?>
<testResults>
  <FitNesseVersion>v20180127</FitNesseVersion>
  <rootPath>CavernAttributes.HasPit</rootPath>
    <result>
    <counts>
      <right>0</right>
      <wrong>0</wrong>
      <ignores>0</ignores>
      <exceptions>18</exceptions>
    </counts>
    <date>2018-02-07T09:21:57-05:00</date>
    <runTimeInMillis>344</runTimeInMillis>
    <content>&lt;br/&gt;&amp;lt;test page&amp;gt;&lt;br/&gt;&lt;br/&gt;&lt;br/&gt;&lt;br/&gt;&lt;br/&gt;&lt;table&gt;
	&lt;tr class="slimRowTitle"&gt;
		&lt;td&gt;import&lt;/td&gt;
	&lt;/tr&gt;
	&lt;tr class="slimRowColor0"&gt;
		&lt;td&gt;&lt;span class="pass"&gt;fixtures&lt;/span&gt;&lt;/td&gt;
	&lt;/tr&gt;
&lt;/table&gt;
&lt;br/&gt;&lt;br/&gt;&lt;table&gt;
	&lt;tr&gt;
		&lt;td colspan="3"&gt;&lt;span class="pass"&gt;Does the cavern have a pit?&lt;/span&gt;&lt;/td&gt;
	&lt;/tr&gt;
	&lt;tr&gt;
		&lt;td&gt;x&lt;/td&gt;
		&lt;td&gt;y&lt;/td&gt;
		&lt;td&gt;cavernHasPit?&lt;/td&gt;
	&lt;/tr&gt;
	&lt;tr&gt;
		&lt;td&gt;0&lt;/td&gt;
		&lt;td&gt;0 &lt;span class="error"&gt;Method setY[1] not found in fixtures.DoesTheCavernHaveAPit.&lt;/span&gt;&lt;/td&gt;
		&lt;td&gt;False &lt;span class="error"&gt;Method cavernHasPit[0] not found in fixtures.DoesTheCavernHaveAPit.&lt;/span&gt;&lt;/td&gt;
	&lt;/tr&gt;
	&lt;tr&gt;
		&lt;td&gt;1&lt;/td&gt;
		&lt;td&gt;0 &lt;span class="error"&gt;Method setY[1] not found in fixtures.DoesTheCavernHaveAPit.&lt;/span&gt;&lt;/td&gt;
		&lt;td&gt;False &lt;span class="error"&gt;Method cavernHasPit[0] not found in fixtures.DoesTheCavernHaveAPit.&lt;/span&gt;&lt;/td&gt;
	&lt;/tr&gt;
	&lt;tr&gt;
		&lt;td&gt;2&lt;/td&gt;
		&lt;td&gt;0 &lt;span class="error"&gt;Method setY[1] not found in fixtures.DoesTheCavernHaveAPit.&lt;/span&gt;&lt;/td&gt;
		&lt;td&gt;False &lt;span class="error"&gt;Method cavernHasPit[0] not found in fixtures.DoesTheCavernHaveAPit.&lt;/span&gt;&lt;/td&gt;
	&lt;/tr&gt;
	&lt;tr&gt;
		&lt;td&gt;2&lt;/td&gt;
		&lt;td&gt;2 &lt;span class="error"&gt;Method setY[1] not found in fixtures.DoesTheCavernHaveAPit.&lt;/span&gt;&lt;/td&gt;
		&lt;td&gt;False &lt;span class="error"&gt;Method cavernHasPit[0] not found in fixtures.DoesTheCavernHaveAPit.&lt;/span&gt;&lt;/td&gt;
	&lt;/tr&gt;
	&lt;tr&gt;
		&lt;td&gt;1&lt;/td&gt;
		&lt;td&gt;1 &lt;span class="error"&gt;Method setY[1] not found in fixtures.DoesTheCavernHaveAPit.&lt;/span&gt;&lt;/td&gt;
		&lt;td&gt;True &lt;span class="error"&gt;Method cavernHasPit[0] not found in fixtures.DoesTheCavernHaveAPit.&lt;/span&gt;&lt;/td&gt;
	&lt;/tr&gt;
	&lt;tr&gt;
		&lt;td&gt;0&lt;/td&gt;
		&lt;td&gt;1 &lt;span class="error"&gt;Method setY[1] not found in fixtures.DoesTheCavernHaveAPit.&lt;/span&gt;&lt;/td&gt;
		&lt;td&gt;False &lt;span class="error"&gt;Method cavernHasPit[0] not found in fixtures.DoesTheCavernHaveAPit.&lt;/span&gt;&lt;/td&gt;
	&lt;/tr&gt;
	&lt;tr&gt;
		&lt;td&gt;0&lt;/td&gt;
		&lt;td&gt;2 &lt;span class="error"&gt;Method setY[1] not found in fixtures.DoesTheCavernHaveAPit.&lt;/span&gt;&lt;/td&gt;
		&lt;td&gt;False &lt;span class="error"&gt;Method cavernHasPit[0] not found in fixtures.DoesTheCavernHaveAPit.&lt;/span&gt;&lt;/td&gt;
	&lt;/tr&gt;
	&lt;tr&gt;
		&lt;td&gt;1&lt;/td&gt;
		&lt;td&gt;2 &lt;span class="error"&gt;Method setY[1] not found in fixtures.DoesTheCavernHaveAPit.&lt;/span&gt;&lt;/td&gt;
		&lt;td&gt;False &lt;span class="error"&gt;Method cavernHasPit[0] not found in fixtures.DoesTheCavernHaveAPit.&lt;/span&gt;&lt;/td&gt;
	&lt;/tr&gt;
	&lt;tr&gt;
		&lt;td&gt;2&lt;/td&gt;
		&lt;td&gt;2 &lt;span class="error"&gt;Method setY[1] not found in fixtures.DoesTheCavernHaveAPit.&lt;/span&gt;&lt;/td&gt;
		&lt;td&gt;False &lt;span class="error"&gt;Method cavernHasPit[0] not found in fixtures.DoesTheCavernHaveAPit.&lt;/span&gt;&lt;/td&gt;
	&lt;/tr&gt;
&lt;/table&gt;
</content>
    <relativePageName>HasPit</relativePageName>
            <instructions>
            <instructionResult>
        <instruction>{id='import_0_0', instruction='import', path='fixtures'}</instruction>
        <slimResult>pass(fixtures)</slimResult>
                <expectation>
                    <status>pass</status>
                    <instructionId>import_0_0</instructionId>
                    <col>0</col>
                              <row>1</row>
                    <type>ImportExpectation</type>
                                        <evaluationMessage>fixtures</evaluationMessage>
                  </expectation>
              </instructionResult>
            <instructionResult>
        <instruction>{id='decisionTable_1_0', instruction='make', instanceName='decisionTable_1', className='DoesTheCavernHaveAPit', args=[]}</instruction>
        <slimResult>pass(Does the cavern have a pit?)</slimResult>
                <expectation>
                    <status>pass</status>
                    <instructionId>decisionTable_1_0</instructionId>
                    <col>0</col>
                              <row>0</row>
                    <type>ConstructionExpectation</type>
                                        <evaluationMessage>Does the cavern have a pit?</evaluationMessage>
                  </expectation>
              </instructionResult>
            <instructionResult>
        <instruction>{id='decisionTable_1_4', instruction='call', instanceName='decisionTable_1', methodName='setX', args=[0]}</instruction>
        <slimResult></slimResult>
                <expectation>
                    <instructionId>decisionTable_1_4</instructionId>
                    <col>0</col>
                              <row>2</row>
                    <type>VoidReturnExpectation</type>
                                      </expectation>
              </instructionResult>
            <instructionResult>
        <instruction>{id='decisionTable_1_5', instruction='call', instanceName='decisionTable_1', methodName='setY', args=[0]}</instruction>
        <slimResult></slimResult>
                <expectation>
                    <status>error</status>
                    <instructionId>decisionTable_1_5</instructionId>
                              <type>VoidReturnExpectation</type>
                                        <evaluationMessage>Method setY[1] not found in fixtures.DoesTheCavernHaveAPit.</evaluationMessage>
                  </expectation>
              </instructionResult>
            <instructionResult>
        <instruction>{id='decisionTable_1_7', instruction='call', instanceName='decisionTable_1', methodName='cavernHasPit', args=[]}</instruction>
        <slimResult></slimResult>
                <expectation>
                    <status>error</status>
                    <instructionId>decisionTable_1_7</instructionId>
                              <type>ReturnedValueExpectation</type>
                                        <evaluationMessage>Method cavernHasPit[0] not found in fixtures.DoesTheCavernHaveAPit.</evaluationMessage>
                  </expectation>
              </instructionResult>
            <instructionResult>
        <instruction>{id='decisionTable_1_9', instruction='call', instanceName='decisionTable_1', methodName='setX', args=[1]}</instruction>
        <slimResult></slimResult>
                <expectation>
                    <instructionId>decisionTable_1_9</instructionId>
                    <col>0</col>
                              <row>3</row>
                    <type>VoidReturnExpectation</type>
                                      </expectation>
              </instructionResult>
            <instructionResult>
        <instruction>{id='decisionTable_1_10', instruction='call', instanceName='decisionTable_1', methodName='setY', args=[0]}</instruction>
        <slimResult></slimResult>
                <expectation>
                    <status>error</status>
                    <instructionId>decisionTable_1_10</instructionId>
                              <type>VoidReturnExpectation</type>
                                        <evaluationMessage>Method setY[1] not found in fixtures.DoesTheCavernHaveAPit.</evaluationMessage>
                  </expectation>
              </instructionResult>
            <instructionResult>
        <instruction>{id='decisionTable_1_12', instruction='call', instanceName='decisionTable_1', methodName='cavernHasPit', args=[]}</instruction>
        <slimResult></slimResult>
                <expectation>
                    <status>error</status>
                    <instructionId>decisionTable_1_12</instructionId>
                              <type>ReturnedValueExpectation</type>
                                        <evaluationMessage>Method cavernHasPit[0] not found in fixtures.DoesTheCavernHaveAPit.</evaluationMessage>
                  </expectation>
              </instructionResult>
            <instructionResult>
        <instruction>{id='decisionTable_1_14', instruction='call', instanceName='decisionTable_1', methodName='setX', args=[2]}</instruction>
        <slimResult></slimResult>
                <expectation>
                    <instructionId>decisionTable_1_14</instructionId>
                    <col>0</col>
                              <row>4</row>
                    <type>VoidReturnExpectation</type>
                                      </expectation>
              </instructionResult>
            <instructionResult>
        <instruction>{id='decisionTable_1_15', instruction='call', instanceName='decisionTable_1', methodName='setY', args=[0]}</instruction>
        <slimResult></slimResult>
                <expectation>
                    <status>error</status>
                    <instructionId>decisionTable_1_15</instructionId>
                              <type>VoidReturnExpectation</type>
                                        <evaluationMessage>Method setY[1] not found in fixtures.DoesTheCavernHaveAPit.</evaluationMessage>
                  </expectation>
              </instructionResult>
            <instructionResult>
        <instruction>{id='decisionTable_1_17', instruction='call', instanceName='decisionTable_1', methodName='cavernHasPit', args=[]}</instruction>
        <slimResult></slimResult>
                <expectation>
                    <status>error</status>
                    <instructionId>decisionTable_1_17</instructionId>
                              <type>ReturnedValueExpectation</type>
                                        <evaluationMessage>Method cavernHasPit[0] not found in fixtures.DoesTheCavernHaveAPit.</evaluationMessage>
                  </expectation>
              </instructionResult>
            <instructionResult>
        <instruction>{id='decisionTable_1_19', instruction='call', instanceName='decisionTable_1', methodName='setX', args=[2]}</instruction>
        <slimResult></slimResult>
                <expectation>
                    <instructionId>decisionTable_1_19</instructionId>
                    <col>0</col>
                              <row>5</row>
                    <type>VoidReturnExpectation</type>
                                      </expectation>
              </instructionResult>
            <instructionResult>
        <instruction>{id='decisionTable_1_20', instruction='call', instanceName='decisionTable_1', methodName='setY', args=[2]}</instruction>
        <slimResult></slimResult>
                <expectation>
                    <status>error</status>
                    <instructionId>decisionTable_1_20</instructionId>
                              <type>VoidReturnExpectation</type>
                                        <evaluationMessage>Method setY[1] not found in fixtures.DoesTheCavernHaveAPit.</evaluationMessage>
                  </expectation>
              </instructionResult>
            <instructionResult>
        <instruction>{id='decisionTable_1_22', instruction='call', instanceName='decisionTable_1', methodName='cavernHasPit', args=[]}</instruction>
        <slimResult></slimResult>
                <expectation>
                    <status>error</status>
                    <instructionId>decisionTable_1_22</instructionId>
                              <type>ReturnedValueExpectation</type>
                                        <evaluationMessage>Method cavernHasPit[0] not found in fixtures.DoesTheCavernHaveAPit.</evaluationMessage>
                  </expectation>
              </instructionResult>
            <instructionResult>
        <instruction>{id='decisionTable_1_24', instruction='call', instanceName='decisionTable_1', methodName='setX', args=[1]}</instruction>
        <slimResult></slimResult>
                <expectation>
                    <instructionId>decisionTable_1_24</instructionId>
                    <col>0</col>
                              <row>6</row>
                    <type>VoidReturnExpectation</type>
                                      </expectation>
              </instructionResult>
            <instructionResult>
        <instruction>{id='decisionTable_1_25', instruction='call', instanceName='decisionTable_1', methodName='setY', args=[1]}</instruction>
        <slimResult></slimResult>
                <expectation>
                    <status>error</status>
                    <instructionId>decisionTable_1_25</instructionId>
                              <type>VoidReturnExpectation</type>
                                        <evaluationMessage>Method setY[1] not found in fixtures.DoesTheCavernHaveAPit.</evaluationMessage>
                  </expectation>
              </instructionResult>
            <instructionResult>
        <instruction>{id='decisionTable_1_27', instruction='call', instanceName='decisionTable_1', methodName='cavernHasPit', args=[]}</instruction>
        <slimResult></slimResult>
                <expectation>
                    <status>error</status>
                    <instructionId>decisionTable_1_27</instructionId>
                              <type>ReturnedValueExpectation</type>
                                        <evaluationMessage>Method cavernHasPit[0] not found in fixtures.DoesTheCavernHaveAPit.</evaluationMessage>
                  </expectation>
              </instructionResult>
            <instructionResult>
        <instruction>{id='decisionTable_1_29', instruction='call', instanceName='decisionTable_1', methodName='setX', args=[0]}</instruction>
        <slimResult></slimResult>
                <expectation>
                    <instructionId>decisionTable_1_29</instructionId>
                    <col>0</col>
                              <row>7</row>
                    <type>VoidReturnExpectation</type>
                                      </expectation>
              </instructionResult>
            <instructionResult>
        <instruction>{id='decisionTable_1_30', instruction='call', instanceName='decisionTable_1', methodName='setY', args=[1]}</instruction>
        <slimResult></slimResult>
                <expectation>
                    <status>error</status>
                    <instructionId>decisionTable_1_30</instructionId>
                              <type>VoidReturnExpectation</type>
                                        <evaluationMessage>Method setY[1] not found in fixtures.DoesTheCavernHaveAPit.</evaluationMessage>
                  </expectation>
              </instructionResult>
            <instructionResult>
        <instruction>{id='decisionTable_1_32', instruction='call', instanceName='decisionTable_1', methodName='cavernHasPit', args=[]}</instruction>
        <slimResult></slimResult>
                <expectation>
                    <status>error</status>
                    <instructionId>decisionTable_1_32</instructionId>
                              <type>ReturnedValueExpectation</type>
                                        <evaluationMessage>Method cavernHasPit[0] not found in fixtures.DoesTheCavernHaveAPit.</evaluationMessage>
                  </expectation>
              </instructionResult>
            <instructionResult>
        <instruction>{id='decisionTable_1_34', instruction='call', instanceName='decisionTable_1', methodName='setX', args=[0]}</instruction>
        <slimResult></slimResult>
                <expectation>
                    <instructionId>decisionTable_1_34</instructionId>
                    <col>0</col>
                              <row>8</row>
                    <type>VoidReturnExpectation</type>
                                      </expectation>
              </instructionResult>
            <instructionResult>
        <instruction>{id='decisionTable_1_35', instruction='call', instanceName='decisionTable_1', methodName='setY', args=[2]}</instruction>
        <slimResult></slimResult>
                <expectation>
                    <status>error</status>
                    <instructionId>decisionTable_1_35</instructionId>
                              <type>VoidReturnExpectation</type>
                                        <evaluationMessage>Method setY[1] not found in fixtures.DoesTheCavernHaveAPit.</evaluationMessage>
                  </expectation>
              </instructionResult>
            <instructionResult>
        <instruction>{id='decisionTable_1_37', instruction='call', instanceName='decisionTable_1', methodName='cavernHasPit', args=[]}</instruction>
        <slimResult></slimResult>
                <expectation>
                    <status>error</status>
                    <instructionId>decisionTable_1_37</instructionId>
                              <type>ReturnedValueExpectation</type>
                                        <evaluationMessage>Method cavernHasPit[0] not found in fixtures.DoesTheCavernHaveAPit.</evaluationMessage>
                  </expectation>
              </instructionResult>
            <instructionResult>
        <instruction>{id='decisionTable_1_39', instruction='call', instanceName='decisionTable_1', methodName='setX', args=[1]}</instruction>
        <slimResult></slimResult>
                <expectation>
                    <instructionId>decisionTable_1_39</instructionId>
                    <col>0</col>
                              <row>9</row>
                    <type>VoidReturnExpectation</type>
                                      </expectation>
              </instructionResult>
            <instructionResult>
        <instruction>{id='decisionTable_1_40', instruction='call', instanceName='decisionTable_1', methodName='setY', args=[2]}</instruction>
        <slimResult></slimResult>
                <expectation>
                    <status>error</status>
                    <instructionId>decisionTable_1_40</instructionId>
                              <type>VoidReturnExpectation</type>
                                        <evaluationMessage>Method setY[1] not found in fixtures.DoesTheCavernHaveAPit.</evaluationMessage>
                  </expectation>
              </instructionResult>
            <instructionResult>
        <instruction>{id='decisionTable_1_42', instruction='call', instanceName='decisionTable_1', methodName='cavernHasPit', args=[]}</instruction>
        <slimResult></slimResult>
                <expectation>
                    <status>error</status>
                    <instructionId>decisionTable_1_42</instructionId>
                              <type>ReturnedValueExpectation</type>
                                        <evaluationMessage>Method cavernHasPit[0] not found in fixtures.DoesTheCavernHaveAPit.</evaluationMessage>
                  </expectation>
              </instructionResult>
            <instructionResult>
        <instruction>{id='decisionTable_1_44', instruction='call', instanceName='decisionTable_1', methodName='setX', args=[2]}</instruction>
        <slimResult></slimResult>
                <expectation>
                    <instructionId>decisionTable_1_44</instructionId>
                    <col>0</col>
                              <row>10</row>
                    <type>VoidReturnExpectation</type>
                                      </expectation>
              </instructionResult>
            <instructionResult>
        <instruction>{id='decisionTable_1_45', instruction='call', instanceName='decisionTable_1', methodName='setY', args=[2]}</instruction>
        <slimResult></slimResult>
                <expectation>
                    <status>error</status>
                    <instructionId>decisionTable_1_45</instructionId>
                              <type>VoidReturnExpectation</type>
                                        <evaluationMessage>Method setY[1] not found in fixtures.DoesTheCavernHaveAPit.</evaluationMessage>
                  </expectation>
              </instructionResult>
            <instructionResult>
        <instruction>{id='decisionTable_1_47', instruction='call', instanceName='decisionTable_1', methodName='cavernHasPit', args=[]}</instruction>
        <slimResult></slimResult>
                <expectation>
                    <status>error</status>
                    <instructionId>decisionTable_1_47</instructionId>
                              <type>ReturnedValueExpectation</type>
                                        <evaluationMessage>Method cavernHasPit[0] not found in fixtures.DoesTheCavernHaveAPit.</evaluationMessage>
                  </expectation>
              </instructionResult>
          </instructions>
      </result>
  <executionLog>
    <testSystem>slim:fitnesse.slim.SlimService</testSystem>
    <command>java -cp /Users/arthurphidd/Desktop/fitnesse-standalone.jar:/Users/arthurphidd/Desktop/Web Development/WumpusHunter2-TheReckoning/bin fitnesse.slim.SlimService 1</command>
    <exitCode>0</exitCode>
    <stdOut></stdOut>
    <stdErr></stdErr>
  </executionLog>
  <finalCounts>
    <right>0</right>
    <wrong>0</wrong>
    <ignores>0</ignores>
    <exceptions>1</exceptions>
  </finalCounts>
  <totalRunTimeInMillis>730</totalRunTimeInMillis>
</testResults>

